period_id,name,time_range,dynastic_info,source_book,source.chapter,originalsource_sentence
period_唐_至德,至德,"{""start"": 756, ""end"": 758}",唐,《益州名画录》,妙格下品十一人丨能格下品七人丨能格中品五人,"《方輿勝覽》卷五十四 “至德山” 條下注曰: “在郡西三十里, 上有廣明院。丨大聖慈寺, 又稱大慈寺, 位於今四川省成都市東南。黃休復《茅亭客話》卷四“勾生”記該寺乃“開元中興建”, 本書“盧楞伽傳”記係“至德二年起”, 另北宋末郭印《超悟院記》亦記該寺“至德初年”建, 故認為該寺應建於至德二年（757）, 當時玄宗正避難於成都。據宋志磐《佛祖統紀》卷四十, 玄宗“御書大聖慈寺額, 賜田一千畝, 敕新羅無相禪師為立規制, 凡九十六院, 八千五百區”。另據《宋高僧傳·釋無相傳》, 玄宗避難西蜀時, 無相曾勸“檀越造淨眾、大慈、菩提、寧國等寺”, 故知該寺的興建可能與無相有關。該寺是文獻記載中會昌滅法時成都唯一沒有遭到拆毀的寺院。德宗貞元十七年（801）, 劍南西川節度使韋皋撰《再修成都府大聖慈寺金銅普賢菩薩記》, 穆宗長慶二年（822）李德裕為該寺撰《資福院記》。北宋蘇軾、文同、侯溥等文人分別為該寺大悲圓通閣、勝相院、勝因院、壽寧院寫記, 可見該時期寺院之興盛。宋徽宗政和二年（1112）, 別院十六院毀於火災, 借此在灰燼上改建超悟、宣梵、嚴淨三剎, 分別為學禪、律、講者居住。明宣宗宣德十年(1435)該寺毀於火災。明英宗正統三至十一年(1438-1446)該寺修葺一新。清世祖順治年間, 又有一次大規模的修復。該寺遺址現今仍存, 包括天王殿、彌勒殿、觀音殿、大雄寶殿和藏經樓等建築。參見王衛明《大聖慈寺畫史叢攷——唐、五代、宋時期西蜀佛教美術發展探源》, 38—53 頁, 北京, 文化藝術出版社, 2005 年。丨李昇者, 成都人也。小字 錦奴。年纔弱冠, 志攻山水, 天縱生知, 不從師學。初得張藻員外 (唐時名士), (善畫山水)山水一軸, 玩之數日, 云: “未盡妙矣。” 遂出, 意寫蜀境 山川平遠, 心思造化, 意出先賢。數年之中, 創成一家之能, 俱盡山水之妙。每含毫就素, 必有新奇。《桃源洞 圖》《武陵溪圖》《青城山圖》《峨眉山圖》《二十四化山圖》, 好事得之, 為箱篋珍; 後學得之, 以為亡言師。明皇 朝有李將軍 擅名山水, 蜀人皆呼昇為小李將軍, 蓋其藝相匹 爾。悟達國師自京入蜀, 重 其高手, 請於聖壽寺本院同居數年, 因於廳 壁畫《出峽圖》 一堵、《霧中山圖》一堵。既而又請於大聖慈寺真堂 內畫《漢州 三學山 圖》一堵、《彭州 至德山》一堵, 時稱悟達國師真堂四絕: 常粲寫真、僧道盈書額、李商隱讚、李昇畫山水。今見存。丨楞伽者, 京兆人也。明皇帝駐蹕之日, 自汴入蜀, 嘉名高譽, 播諸蜀川, 當代名流, 咸伏其妙。至德二載起大聖慈寺, 乾元初於殿東、西廊下畫《行道高僧》數堵, 顏真卿題, 時稱二絕。至乾寧元年, 王蜀先主於寺東廊起三學院, 不敢損其名畫, 移一堵於院門南, 移一堵於門北, 一堵於觀音堂後。此《行道僧》三堵六身畫, 經二百五十餘年, 至今宛如初矣。西廊下一堵《馬鳴、提婆》二軀, 雖遭粉飾, 猶未損其筆蹤。餘者重粧, 皆昧前跡。蜀中諸寺佛像甚多, 會昌年皆盡毁。丨益都, 即益州, 大部在今四川省境內。漢武帝時置益州, 三國蜀於益州分置梓潼等五郡, 三國魏至南朝齊皆分置益州為梁, 益二州。隋開皇初廢, 大業初復罷州為蜀郡。唐改為益州, 後置大都督府及劍南節度於此, 玄宗天寶初改為蜀郡, 肅宗至德初改爲成都府, 又升爲南京。尋罷, 後復於此置劍南西川節度。五代時王氏, 孟氏相繼據其地。宋益州路, 端拱初改為成都。丨至德二載, 757 年。至德, 唐肅宗年號。北宋末郭印《超悟院記》記大聖慈寺建於至德初年, 與本書這裏的說法大體相符。另黃休復《茅亭客話》卷四“勾生”記該寺乃“開元中興建”。可參見上文“大聖慈寺”條。丨至德山, 位於廣漢縣西。丨至德山：93/95丨觀軍容使, 唐肅宗乾元元年 置, 為監視出征將帥的最高軍職, 以宦官充任。《舊唐書·魚朝恩傳》: “至德中, 常令監軍事。九節度討安慶緒於相州, 不立統帥, 以朝恩為觀軍容宣慰處置使。觀軍容使名, 自朝恩始也。” ([後晉]劉昀《舊唐書》卷一百八十四)丨駐蹕, 帝王出行時中途暫住。這裏指天寶十五年六月至至德元年十月, 玄宗為避安史之亂移駕成都。"
period_唐_乾元,乾元,"{""start"": 758, ""end"": 760}",唐,《益州名画录》,能格下品七人丨能格中品五人,"《益州名畫録》三卷,宋黃休復撰。前有景德三年李畋序,稱江夏黃氏休復,字歸本,通春秋學,校左氏公穀書,鬻丹養親,遊心顧陸之藝,深得厥趣。考休復別有《茅亭客話》,陳振孫《書録解題》亦不詳其里貫,但以所言多蜀事,又嘗著《成都名畫記》,疑為蜀人,則此書一名《成都名畫記》。而舊本與《茅亭客話》皆未題里貫,故振孫云:“然今本皆題江夏人,疑後人以畋序補書歟。”然畋序作於宋初,或沿唐五代餘習題黃氏郡望亦未可知,未必果生於是地也。所記凡五十八人,起唐乾元,迄宋乾德,品以四格:日逸、曰神、日妙、日能。其四格之目,雖因唐朱景元之舊,而景元置逸品於三品外,示三品不能伍。休復此書,又躋逸品於三品上,明三品不能先,其次序又復小殊。逸格凡一人;神格凡二人;妙格上品凡七人,中品凡十人,下品凡十一人,而寫真二十二處,無姓名者附焉;能格上品凡十五人,中品凡五人,下品凡七人,而有畫無名、有名無畫者附焉。其大慈寺六祖院羅漢閣圖畫,休復評妙格中品,而列能品之末,不與寫真二十二處一例,非妙字誤刊,則編次時偶疎也。畋序又稱:“益都自唐二帝播越,諸侯作鎮,畫藝之傑者多從遊而來。”故是編所集,皆取其事跡之係乎蜀者,而不盡為蜀產。丨《益州名畫録》三卷,成都黃休復纂。自唐乾元初,至宋乾德歲,録其圖畫之精者五十八人,品以四格。丨乾元初, 唐肅宗年號, 758 年。丨乾元初, 唐肅宗李亨年號, 758 年。丨大凡觀畫而神會者鮮矣, 不過視其形似, 其或洞達氣韻, 超出端倪, 用筆精緻, 不謂之功; 傅採炳縟, 不謂之麗。觀乎象而忘象, 意先自然, 始可品繪工於彀中, 揖畫聖於方外, 有造物者思, 唯是得之。江夏黃氏休復, 字歸本, 通《春秋》學, 校《左氏》《公》《穀》書。暨摭百家之說, 鬻丹養親, 行達於世, 恬如也。加以遊心顧、陸之藝, 深得厥趣。居常以魏晉之奇蹤, 隋唐之懿跡, 盈縑溢帙, 類而珍之。適值博雅之士, 款扉求見, 則敞茅屋, 拂榻塵, 架而陳之, 娛賓賞心, 萬虞一泯。及其僧舍道居, 靡不往而玩之, 環歲忘惓。蓋益都多名畫, 富視他郡, 謂唐二帝播越及諸侯作鎮之秋, 是時畫藝之傑者, 遊從而來, 故其標格楷模, 無處不有。聖朝伐蜀之日, 若升堂邑, 彼廨宇寺觀, 前輩名畫, 纖悉無圮者。迨淳化甲午歲, 盜發二川, 焚劫略盡。則墻壁之繪, 甚乎剝廬; 家祕之寶, 散如決水。今可覿者, 十二三焉。噫, 好事者為之幾鬱矣! 黃氏心鬱久之, 又能筆之書, 存録之也。故自李唐乾元初, 至皇宋乾德歲, 其間圖畫之尤精, 取其目所擊者五十八人,品以四格, 離為三丨大聖慈寺為成都之大寺, 在會昌滅法未曾遭到拆毀, 故而北宋時期仍保存有大量的前代知名畫家、雕塑家的真跡, 在成都寺觀藝術的演變中具有重要的意義。本書記載該寺的畫跡、塑像有: 肅宗乾元初盧楞伽於殿東西廊下畫《行道高僧》數堵, 另西廊下有他畫《馬鳴、提婆像》; 寶曆至開成年間趙公祐在文殊閣下畫《天王》, 閣裹內畫《東方天王》, 藥師院師堂內畫《四天王並十二神》, 石經院畫《天王部屬》; 大中初張騰在文殊閣下繪《報身如來》; 趙溫奇在文殊閣內畫《北方天王》《梵王帝釋》《大輪部屬》, 大將堂繪《大將部屬》《梵王帝釋》, 普賢閣下繪《南方天王》, 華嚴閣上畫《東、西二方天王》及《梵王帝釋》; 昭宗乾寧初趙德齊在三學延祥之院正門西畔畫《南、北二方天王》, 他另在該寺竹溪院繪《釋迦十弟子》《十六大羅漢》, 崇福禪院繪《帝釋》《羅漢》, 崇真禪院畫《帝釋梵王》, 羅漢堂內繪《文殊、普賢》。丨據《宋高僧傳》, 肅宗乾元中, 泗州僧伽像在燕薊一帶輾轉傳寫, 流傳甚廣; 代宗大曆年間曾詔令寫僧伽像入內供養。丨放生池, 佛家以不殺生爲善舉, 梁武帝崇信佛教, 置放生池, 謂之長命洲, 放養收贖的龜魚螺蚌等。唐太平公主曾於京西掘地置放生池。肅宗乾元二年 通命境內臨江之地各置放生池, 凡八十一所, 顏真卿為作《天下放生池碑銘並序》。丨楞伽者, 京兆人也。明皇帝駐蹕之日, 自汴入蜀, 嘉名高譽, 播諸蜀川, 當代名流, 咸伏其妙。至德二載起大聖慈寺, 乾元初於殿東、西廊下畫《行道高僧》數堵, 顏真卿題, 時稱二絕。至乾寧元年, 王蜀先主於寺東廊起三學院, 不敢損其名畫, 移一堵於院門南, 移一堵於門北, 一堵於觀音堂後。此《行道僧》三堵六身畫, 經二百五十餘年, 至今宛如初矣。西廊下一堵《馬鳴、提婆》二軀, 雖遭粉飾, 猶未損其筆蹤。餘者重粧, 皆昧前跡。蜀中諸寺佛像甚多, 會昌年皆盡毁。丨潤州, 今江蘇鎮江。春秋吳朱方地。隋開皇十五年（595）, 以蔣州之延陵、永年, 常州之曲阿三縣, 置潤州。唐天寶初改為丹陽郡, 乾元初復為潤州, 又升為丹陽軍, 建中初改號鎮海軍。北宋開寶末改為鎮江軍。丨至今宛如初矣, 至今仍然好像新的一樣。盧楞伽《行道高僧》繪於乾元初, “至今”二百五十餘年, 故可推斷出本書完成時間大約是宋真宗大中祥符元年(1008), 本書李畋序寫成於真宗景德三年(1006), 時間大體相合。可推測李畋序完成後, 黃氏對本書又曾有過數年的修改。丨觀軍容使, 唐肅宗乾元元年 置, 為監視出征將帥的最高軍職, 以宦官充任。《舊唐書·魚朝恩傳》: “至德中, 常令監軍事。九節度討安慶緒於相州, 不立統帥, 以朝恩為觀軍容宣慰處置使。觀軍容使名, 自朝恩始也。” ([後晉]劉昀《舊唐書》卷一百八十四)"
period_唐_上元,上元,"{""start"": 760, ""end"": 761}",唐,《益州名画录》,能格下品七人丨能格中品五人,"(接上頁) 高力士—, 高州良德(今廣東高州東北)人, 本姓馮。少 , 武周聖曆元年入宮, 則天嘉其點慧, 令給事左右, 後因小過, 撻而逐之。內官高延福收為養子, 改姓高。則天復召入宮, 性謹密, 能傳詔敕, 授官  丞。玄宗時得寵, 知內侍省事, 四方奏事必先經其手。王公勛貴多赴會之, 宇文融、李林甫等因之而取將相位。肅宗在春官時呼為二兄, 諸王公主皆呼阿翁, 駙馬輩呼為爺。天寶初加冠軍大將軍、右監門衛大將軍, 封報海郡公。安祿山亂, 玄宗幸蜀, 力士從幸, 封齊國公。肅宗上元元年, 為李輔國所構, 配流黔中道。寶應元年 敕歸, 至朗州聞上皇去世, 北望號慟, 嘔血而卒。丨杜甫歌, 即杜甫《題壁上韋偃畫馬歌》, 《補注杜詩》注曰上元元年  作。丨江陵府, 位於今湖北江陵。春秋時楚郢都, 秦置南郡。漢初改為臨江郡, 為荊州刺史治所。東晉以為重鎮, 梁元帝都於此。隋置荊州, 治江陵。唐天寶初改為江陵郡, 上元初又改江陵府。明清荊州府。"
period_唐_永泰,永泰,"{""start"": 765, ""end"": 766}",唐,《益州名画录》,妙格下品十一人丨能格下品七人,"樞密使, 唐代宗永泰時始置, 以宦官為之, 掌承受表奏。五代、宋後更用士人, 掌軍政, 其權愈重。丨永泰二年  代宗命杜鴻漸充劍南西川節度使, 前往平亂, 寧厚賄之。丨永泰元年  崔旰據成都, 命鴻漸以宰相兼充劍南西川節度使, 前往平亂。丨永泰元年  攻劍南西川節度使郭英  , 敗之, 據成都。丨聖興寺, 位於成都城區東。據宋李大臨《聖興寺護淨門屋記》, 該寺原乃御史大夫王承俊之宅; 代宗大曆初, 杜洪漸領東西川節度使時, 改稱永泰寺。武宗會昌滅法時毀除。宣宗時僧定蘭復構此寺, 塔廟堂廊大約有四百楹。參見王衛明《大聖慈寺畫史叢攷———唐、五代、宋時期西蜀佛教美術發展探源》, 24—25 頁。"
period_唐_建中,建中,"{""start"": 780, ""end"": 783}",唐,《益州名画录》,妙格下品十一人丨能格下品七人,"建中元年, 唐德宗李適年號, 780 年。丨建中進士, 纍官監察御史、華原縣令、比部員外郎、左司郎中、御史中丞。丨德宗建中四 年 , 朱泚反, 皋連拒朱泚僞命, 斬其來使, 詔拜御史大夫, 刺史, 置奉義軍節度旌之。丨潤州, 今江蘇鎮江。春秋吳朱方地。隋開皇十五年（595）, 以蔣州之延陵、永年, 常州之曲阿三縣, 置潤州。唐天寶初改為丹陽郡, 乾元初復為潤州, 又升為丹陽軍, 建中初改號鎮海軍。北宋開寶末改為鎮江軍。丨辛澄者, 不知何許人也。建中元年, 大聖慈寺南畔創立僧伽和尚堂, 請澄畫焉。纔欲援筆, 有一胡人云, 僕有泗州真本, 一見甚奇, 遂依樣描寫。及諸變相未畢, 蜀城士女瞻仰儀容者側足, 將燈香供養者如驅, 今已重粧損矣。普賢閣下五《如來》同坐一蓮花, 及鄰壁《小佛》九身, 閣裏內《如意輪菩薩》, 並澄之筆, 見存。"
period_唐_元和,元和,"{""start"": 806, ""end"": 820}",唐,《益州名画录》,妙格下品十一人丨能格下品七人丨能格中品五人,"〔唐〕李吉甫 元和郡縣圖志 文淵閣四庫全書本丨使李回重建時, 摹萬裏橋南元和聖壽寺額, 故曰聖壽寺。僖宗幸蜀時御書寺額。晚唐至北宋時期, 該寺規模宏大。參見王衛明《大聖慈寺畫史叢攷——唐、五代、宋時期西蜀佛教美術發展探源》, 16—18 頁。丨元和, 唐憲宗李純年號, 806—820 年。丨元和二年 , 制加同中書門下平章事, 刺史, 慶三州節度觀察等使。丨元和十年被藩鎮派出的刺客刺殺。丨後出為劍南西川節度使, 治理有方。元和八年重拜為門下侍郎、平章事。丨憲宗元和七年  擢進士甲科。丨憲宗元和二年, 拜門下侍郎、平章事, 兼戶部事。丨憲宗元和元年 , 以左神策行營節度使統兵討劉闢, 擒劉闢, 平西蜀, 授檢校司空, 兼成都尹, 充劍南西川節度, 封南平郡王。丨憲宗元和十一年  為翰林學士。丨承旨, 屬翰林院, 唐憲宗元和年間有設置, 位在諸學士上, 凡大誥令、大廢置、重要政事, 皆得專對。宋、元因其制, 如元初趙孟頫即任此職。明廢。丨晉原, 縣名, 今四川省崇慶市內。《元和郡縣圖志·蜀州》曰: “禹貢梁州之域。秦滅蜀, 為蜀郡。在漢為郡之江原縣也。李雄據蜀, 分為漢原郡, 晉穆帝改為晉原郡。後魏平蜀後, 移犍為郡, 理此東三十里, 因省晉原郡以並之, 仍於此西十里立多融縣, 取舊郡名也。隋開皇年改屬益州。皇朝初因之, 垂拱二年 割晉原等四縣屬蜀州。” ([唐] 李吉甫《元和郡縣圖志》卷三十二)丨李德裕（787——850）, 唐趙郡(治今河北趙縣)人, 字文饒, 元和初宰相李吉甫之子, 晚唐牛李黨爭中李黨的領袖。穆宗即位, 召入翰林充學士, 尋轉考功郎中、知制誥。長慶二年（822）, 轉中書舍人。長慶三年（823）, 李逢吉遷門下侍郎、平章事, 欲引牛僧孺為相, 李德裕出為浙西觀察使。文宗即位, 加檢校禮部尚書。太和三年（829）召為兵部侍郎, 九月出為鄭滑節度使。太和四年（830）十月為劍南西川節度副大使, 鎮守西川, 修葺關防, 繕完兵守, 政績卓著。曾遣人入南詔, 求被俘僧道工巧四千人歸成都。太和六年（832）冬出為淮南節度使, 太和七年（833）丨洪度者, 蜀人也。元和中, 府主相國武公（元衡）請於大聖慈寺東廊下維摩詰堂內, 畫《帝釋》《梵王》兩堵, 笙竽鼓吹, 天人姿態, 筆蹤妍麗, 時之妙手, 莫能偕焉。會昌前諸寺圖畫亦多除毀, 後餘此一處。丨華清宮, 唐宮名, 故址在今陝西臨潼驪山上。山有溫泉, 唐太宗貞觀十八年置, 高宗咸亨二年名溫泉官。玄宗天寶六年大加擴建, 更名華清宮, 溫泉稱華清池。白居易《長恨歌》即提及該池, 曰: “春寒  浴華清池, 溫泉水滑洗凝脂。”([唐]白居易《白氏長慶集》卷十二)安祿山之亂, 破壞甚多。憲宗元和間重修, 人跡罕至, 遂漸荒廢。"
period_唐_大和,大和,"{""start"": 827, ""end"": 835}",唐,《益州名画录》,妙格下品十一人丨能格下品七人,"大和七年 , 官至尚書左丞。丨大和七年 , 起為尚書左丞。丨大和九年  代宗閔為門下侍郎, 平章事。丨大和九年 , 宗閔復知政事, 為檢校戶部尚書, 成都尹, 劍南西川副大使知節度事, 觀察處置等使。丨大和八年  李德裕輔政, 出  華州刺史, 旋因宗閔復入召拜吏部侍郎。丨大和八年  為工部侍郎, 集賢殿學士, 尋拜吏部侍郎。丨大和六年  復為劍南西川節度使。丨太和(一作大和)、開成均唐文宗李昂年號, 分別是 827-835、836-840 年。丨文宗大和七年  進士, 楊汝士薦  右拾遺。丨文宗大和三年  以本官充翰林學士, 轉中書舍人。丨文宗大和四年  李宗閔作相, 為給事中。"
period_唐_大中,大中,"{""start"": 847, ""end"": 860}",唐,《益州名画录》,妙格下品十一人丨能格下品七人丨能格中品五人,"1937—1954 年, 曾先後在萬佛寺遺址發現二百餘件佛教造像, 其中四川省博物館藏有六十三件。據袁曙光《四川省博物館藏萬佛寺石刻造像整理簡報》, 萬佛寺造像中紀年最早的是南朝宋元嘉二年（425）, 最晚的是唐宣宗大中元年（847）, 以南朝梁時期的造像為主體。袁曙光文載《文物》2001 年第 10 期, 19—38 頁。丨《太上九天延祥滌厄四聖妙經》說他“總三洞五雷之號令, 掌八天九地之權衡。憫造化之樞機, 僚真仙之將吏。無邪不斬, 何鬼敢當”。黑煞信仰五代時已在民間流行。據載, 道士譚紫霄在閩亡後隱於廬山, 有徒百餘人, 他“事黑煞神君, 禹步魁罡, 禁沮鬼魅, 禳祈災福” ([北宋] 馬令《南唐書》卷二十四)。宋初道士張守真言黑煞大將軍奉玉帝敕命乘龍降世, 護衛宋朝, 自己齋戒祈請時, 神靈必降。太宗利用張守真的黑煞言論, 製造輿論, 成功嗣位。其後在終南山修建三清太平宮, 置黑煞殿, 內有塑像、壁畫。每歲三元及誕節、皇帝本命日, 太宗並遣中使致醮。由此, 黑煞上升成為國家信仰得以流行。太宗太平興國六年  敕封為翊聖將軍, 真宗大中祥符七年 (1014) 敕封為翊聖保德真君。 ([北宋] 張君房《雲笈七籤》卷一百零三) 蘇軾《上太平清宮詩》中描述黑煞的形象時說: “祕殿開金鎖, 神人控玉虯。黑衣橫巨劍, 被髮凜雙眸。” 可見太平清宮中的黑煞像披髮圓目, 身着黑衣, 手橫巨劍, 側有虯龍。 ([北宋] 蘇軾《東坡全集》卷一) 元代永樂官三清殿, 毗盧寺後殿四聖像中均有黑煞像。參見李遠國《神霄九帝與北極四聖考辨》, 見《道教思想與中國社會發展進步研討會第二次會議論文集》, 194—203頁, 2003年; 邵軍《從永樂宮壁畫看道教題材的形成與發展》, 見金維諾, 邵軍主編:《中國寺觀壁畫全集2 元代寺觀水陸法會圖》, 廣州: 廣東教育出版社, 2011年。丨《成都記》, 唐宣宗大中九年四川節度從事廬求撰, 五卷, 記蜀地風俗物產及古今逸事。該書現已佚, 但是該書序在《成都文類》卷二十三、《全蜀藝文志》卷三十中皆有收錄, 該書史料亦多為《太平御覽》《成都文類》《蜀中廣記》及《山堂肆考》等書所徵引。該書序記著書之緣由曰: “大中八年, 戶曹參軍蘭弘宗甚好學, 且目靚司徒相國(筆者注: 即白敏中)之異績, 願付以傳示於後。然不以文自任, 剪截疏長, 蕪言不略。相國乃屬予小子, 令刊益之。且曰: ‘不以淹徐急速, 歸於流佈, 以為不朽之事。’ 求受命震怖, 又不欲以圖經為目, 乃搜訪編簡, 目為《成都記》, 五卷。經與圖之附益, 願終弘宗之職, 庶以此為助也。” (轉引自 [南宋] 袁說友等編, 趙曉蘭整理《成都文類》卷二十三, 476—477頁)丨中興寺, 唐宋時期的成都寺院之一, 創建及沿革情況不清。除範瓊、陳皓、彭堅於唐宣宗大中年間曾在該寺揮毫外, 趙溫奇也曾在該寺大殿畫《文殊、普賢及天王部衆》。此外, 該寺還保存有節度使魏謩真。丨休, 畫苑本、文淵閣本等皆作“休”, 據文淵閣本改。鄭延休, 唐末滎陽(今屬河南)人。鄭涯子。宣宗大中元年 進士。懿宗鹹通十一年 自司封郎中入為翰林學士, 纍遷兵部侍郎、尚書左丞。鹹通十五年, 出為河陽節度使。廣明間, 隨僖宗入蜀, 為檢校司徒。官至山南西道節度使。丨制置, 即制置使, 唐大中五年 始置, 負責經營謀劃邊防軍務。丨北宋真宗大中祥符八年(1015)彭乘《修玉局觀記》: “自東漢權輿, 皇唐崇飾。王氏竊據, 廣其闍, 壞此殿堂, 並為內禁, 尋與府庫, 悉災焚。丨大中, 唐宣宗年號, 847—860 年; 乾符, 唐僖宗年號, 874—879 年。丨大中七年  成都尹, 劍南西川節度副大使, 知節度等事。丨大中五年  罷相, 出  邠州刺史, 邠寧節度。丨大中十一年  以疾求代, 授檢校右僕射。丨大中十一年  為江陵尹, 荊南節度使。丨大中十年  出爲成都尹, 劍南西川節度副大使知節度事。丨大聖慈寺為成都之大寺, 在會昌滅法未曾遭到拆毀, 故而北宋時期仍保存有大量的前代知名畫家、雕塑家的真跡, 在成都寺觀藝術的演變中具有重要的意義。本書記載該寺的畫跡、塑像有: 肅宗乾元初盧楞伽於殿東西廊下畫《行道高僧》數堵, 另西廊下有他畫《馬鳴、提婆像》; 寶曆至開成年間趙公祐在文殊閣下畫《天王》, 閣裹內畫《東方天王》, 藥師院師堂內畫《四天王並十二神》, 石經院畫《天王部屬》; 大中初張騰在文殊閣下繪《報身如來》; 趙溫奇在文殊閣內畫《北方天王》《梵王帝釋》《大輪部屬》, 大將堂繪《大將部屬》《梵王帝釋》, 普賢閣下繪《南方天王》, 華嚴閣上畫《東、西二方天王》及《梵王帝釋》; 昭宗乾寧初趙德齊在三學延祥之院正門西畔畫《南、北二方天王》, 他另在該寺竹溪院繪《釋迦十弟子》《十六大羅漢》, 崇福禪院繪《帝釋》《羅漢》, 崇真禪院畫《帝釋梵王》, 羅漢堂內繪《文殊、普賢》。丨宣宗大中中, 拜中書舍人, 遷戶部侍郎, 以工部尚書同中書門下平章事。丨宣宗大中二年 , 為給事中, 遷御史中丞, 尋以本官同平章事。丨宣宗大中末, 拜太子太傅, 分司東都。丨左全者, 蜀人也。世傳圖畫, 跡本名家。寶曆年中, 聲馳闕下。於大聖慈寺中殿畫《維摩變相》《師子國王》《菩薩變相》, 三學院門上《三乘漸次修行變相》《降魔變相》, 文殊閣東畔《水月觀音》《千手眼大悲變相》, 極樂院門兩《金剛》, 西廊下《金剛經驗》及《金光明經變相》, 前寺南廊下《行道二十八祖》, 北廊下《行道羅漢》六十餘軀, 多寶塔下做長安景公寺吳道玄《地獄變相》。當時吳生畫此地獄相, 都人咸觀, 懼罪修善, 兩市屠沽, 經月不售。王蜀時令雜手重粧, 已損, 惟存大體也。大中初, 又於聖壽寺大殿畫《維摩詰變相》一堵, 樓閣, 樹石, 花雀, 人物, 冠冕, 蕃漢異服, 皆得其妙, 今見存。丨張讀, 字聖用, 一作聖朋, 唐末深州陸澤(今河北深州西南)人。宣宗大中進士。僖宗乾符五年 以中書舍人權知禮部貢舉, 時稱得士。乾符六年, 以禮部侍郎權知尚書左丞。著有《宣室志》。丨張騰者, 不知何許人也。太和末年, 偶止蜀川。於諸寺壁圖畫亦多, 會昌年除毀皆盡。大中初佛寺再興, 於聖壽寺大殿畫《文殊》一堵、《普賢》一堵、《彌勒下生》一堵, 浴室院北對範瓊畫《持弓北方天王》一堵, 大聖慈寺文殊閣下畫《報身如來》一堵, 并騰之筆, 見存。丨此外, 唐開成至大中年間入唐求法巡禮的日本僧人圓仁歸國時也帶有《五臺山化現圖》。丨王像》《西方變相》; 殿上小壁《水月觀音》; 浴室院旁《西方天王》; 大悲院《八明王》《西方變相》, 並大中年畫。此寺壁畫, 年祀亦遠, 倒損者十四五矣。聖興寺大殿《東、北二方天王》《藥師十二神》《釋迦十弟子》《彌勒像》《大悲變相》, 並咸通畫。其中《西方》一堵, 甚著奇工, 精妙之極也。《焉芻瑟磨像》兩堵, 設色未半, 筆蹤儼然, 後之妙手, 終莫能繼。自聖壽、聖興兩寺《佛僧》, 範瓊親描, 並見存。丨王鐸(?-, 字昭範, 太原晉陽(今山西太原西南)人。武宗會昌初進士, 纍遷監察御史、中書舍人、禮部侍郎、戶部侍郎、禮部尚書。宣宗大中十二年 以本官同平章事, 刑部、吏部尚書。僖宗即位, 加右僕射。後得罪宰相韋保衡出為汴州刺史、宣武軍節度使。乾符二年 復拜右僕射、門下侍郎、同平章事。從僖宗入蜀, 為義成軍節度使, 充諸道行營都統, 屢挫黃巢軍, 以功封晉國公, 加中書令。宦官田令孜欲奪其功, 構陷於帝, 鐸罷, 徙義昌節度使, 過魏州時被樂從訓殺害。丨盧求, 唐幽州範陽人, 李翱婿。敬宗寶曆二年進士, 宣宗大中九年 為西川節度從事, 官至刺史。撰《成都記》五卷。丨範瓊者, 不知何許人也。開成年與陳皓、彭堅同時同藝, 寓居蜀城。三人善畫人物、佛像、天王、羅漢、鬼神, 三人同手於諸寺圖畫佛像甚多。會昌年除毀後, 餘大聖慈一寺佛像得存。洎宣宗皇帝再興佛寺, 三人於聖壽寺、聖興寺、净衆寺、中興寺, 自大中至乾符, 筆無暫釋, 圖畫二百餘間牆壁, 天王、佛像、高僧、經驗及諸變相, 名目雖同, 形狀一無同者。自淳化五年、咸平三年, 兩遇兵火, 得存三寺筆蹤。大聖慈南廊下《藥☐大將》《和修吉龍王》《鬼子母》《天女》五堵, 謂之“十七護神”; 北廊下石經院門《兩金剛》《東、西二方天王》; 中寺大悲院門上《阿彌陀佛》及《四菩薩》; 院門兩畔《觀音像》《藥師像》; 石經板上《七佛》《四仙人》《大悲變相》; 大將堂兩畔《南、北二方天王》; 文殊閣下《北方天王》及《天王變相》。此寺畫壁, 自唐至今, 年紀深遠, 彩色故暗, 重粧損者十四五矣。聖壽寺大殿《釋伽像》《行道北方天丨聖壽寺, 位於成都城西南。傳為東漢時建。明曹學佺《蜀中廣記》認為該寺即《高僧傳》所記的晉慧持在蜀地所住的金淵精舍, 唐為空慧寺, 後改龍淵。唐高宗儀鳳二年（677）, 敕天下七寺建塔, 立石柱二, 度僧七百人, 此為其一。會昌中廢, 宣宗大中元年（847）劍南西川節度丨聖壽寺是成都的大寺, 很多知名畫家都曾在此繪製壁畫。據本書, 唐大中年間範瓊在大殿繪有《釋迦像》《行道北方天王像》《西方變相》, 殿上小壁繪《水月觀音》, 浴室院旁有《西方天王》, 大悲院畫《八明王》《西方變相》。大中初, 左全在大殿繪《維摩詰變相》。大中初, 張騰在大殿繪《文殊》《普賢》《彌勒下生》, 浴室院北對範瓊畫《持弓北方天王》。中和年, 張南本在中門繪《賓頭盧變相》, 東廊下有《靈山佛會》。唐景福年, 不知名畫家在東廊下、維摩詰堂內畫《居士方丈》《花竹芭蕉》《山水松石》《風候雲氣》。晚唐李昇在廳壁畫《出峽圖》《霧中山圖》。晚唐麻居禮在偏門北畔畫《八難觀音》。前蜀永平年, 張景思在北廊下繪《降魔變》。後蜀蒲延昌畫《鬼神》。後蜀石恪在經閣院玄女堂畫《六十甲子神》等。丨至今宛如初矣, 至今仍然好像新的一樣。盧楞伽《行道高僧》繪於乾元初, “至今”二百五十餘年, 故可推斷出本書完成時間大約是宋真宗大中祥符元年(1008), 本書李畋序寫成於真宗景德三年(1006), 時間大體相合。可推測李畋序完成後, 黃氏對本書又曾有過數年的修改。丨路巖—, 字魯瞻, 魏州冠氏(今山東冠縣)人。翰林學士、中書舍人路羣子。唐宣宗大中中進士, 遷中書舍人、戶部侍郎。懿宗鹹通三年, 以本官同平章事。在相位八年, 纍遷尚書左僕射。初與韋保衡當國, 二人勢動天下, 時人目其黨為“牛頭阿旁”, 言如鬼陰惡可畏。後與韋保衡交惡, 出為成都尹、劍南西川節度使, 置定邊軍以扼邊關, 以勞遷兼中書令, 封魏國公。因親吏邊鹹有異圖, 流放途中賜死。丨陳皓、彭堅者, 不知何許人也。開成中, 與范瓊寓止蜀城。大中年, 府主杜相公（悰）起净眾等寺門屋。相國知三人中, 范瓊年齒雖低, 手筆稱冠矣。因請陳、彭二公各畫《天王》一堵, 各令一客將伴之, 以幔幕遮蔽, 不令相見, 欲驗誰之強弱。至畫告畢之日, 相國與諸府寮徹其幃幕, 南畔仗劍振威者彭公筆, 北畔持弓奮赫者陳公筆, 二公筆力相似, 觀者莫能昇降。大約宗師吳道玄之筆, 而傅採拂淡過之。畫之六法, 一曰氣韻生動是也, 二曰骨法用筆是也, 三曰應物象形是也, 四曰隨類賦採是也, 五曰經營位置是也, 六曰傳移模寫是也。斯之六法, 名輩少該, 唯此三人俱盡其美矣。"
period_唐_咸通,咸通,"{""start"": 860, ""end"": 874}",唐,《益州名画录》,能格下品七人,"在聖興寺塑像、繪製壁畫的藝術家有: 唐懿宗咸通年, 範瓊在大殿繪《東、北二方天王》《藥師十二神》《釋迦十弟子》《彌勒像》《大悲變相》, 在該寺另畫有《西方變》《焉芻瑟磨像》《高僧像》等。唐末張騰在該寺繪製過壁畫。前蜀武成中（909）天王院雍中本塑、楊元真妝《天王及部屬》《熾盛光佛》《九曜二十八宿》。北宋太宗淳化四年（993）黃居寀在新禪院畫《龍水》《天台山圖》《水石》。丨常粲者, 雍京人也。咸通年路侍中（巖）牧蜀之日, 自京入蜀, 路公賓禮待之。粲善傳神、雜畫, 有《七賢像》《六逸像》《女媧、伏羲、神農像》(謂之《三皇圖》)《立釋迦像》《五天胡僧像》《孔子西周問禮像》《名醫下蠱像》《摴蒲圖》《龍樹驗丹圖》《先賢卷軸》, 至今好事者收得, 為後學師範矣。丨王像》《西方變相》; 殿上小壁《水月觀音》; 浴室院旁《西方天王》; 大悲院《八明王》《西方變相》, 並大中年畫。此寺壁畫, 年祀亦遠, 倒損者十四五矣。聖興寺大殿《東、北二方天王》《藥師十二神》《釋迦十弟子》《彌勒像》《大悲變相》, 並咸通畫。其中《西方》一堵, 甚著奇工, 精妙之極也。《焉芻瑟磨像》兩堵, 設色未半, 筆蹤儼然, 後之妙手, 終莫能繼。自聖壽、聖興兩寺《佛僧》, 範瓊親描, 並見存。"
period_唐_乾符,乾符,"{""start"": 874, ""end"": 879}",唐,《益州名画录》,妙格下品十一人丨能格下品七人丨能格中品五人,"《益州名畫録》三卷,右皇朝黃休復纂。唐乾符初至宋乾德歲, 休復在蜀中,目擊圖畫之精者五十八人,品以四格雲。丨乾符六年 , 為揚州大都督府長史, 淮南節度副大使知節度事。丨休夢, 文淵閣本作“夢休”, 下不另注。休夢禪師, 即了覺禪師, 俗姓韓, 京兆萬年(今陝西西安)人, 宣宗時應對稱旨, 對御落采, 配終南山之捧日寺, 時年三十。參法要於石霜慶諸、百丈懷海、洞仙俍价諸老, 深得禪旨。僖宗乾符四年（877）宴居於昭覺寺, 得僖宗之眷顧。王建據兩川時申尊叔之禮, 奏錫師號曰了覺大師。王建自立西蜀之初去世, 享年八十一。(據李畋《重建昭覺寺記》，见[南宋]袁说友等编，赵晓兰整理《成都文类》卷三十七)丨僖宗乾符四年  為潤州刺史, 鎮海軍節度, 浙江西道觀察等使, 封燕國公。丨大中, 唐宣宗年號, 847—860 年; 乾符, 唐僖宗年號, 874—879 年。丨張禕, 字冠章, 唐末鄧州南陽(今河南南陽)人。僖宗乾符中, 先後為浙西趙隱、淮南劉鄴闢為賓佐。入為監察御史, 遷左補闕, 官中書舍人。中和間, 拜工部侍郎, 遷尚書右丞, 改太子賓客、左散騎常侍, 轉吏部侍郎。昭宗乾寧末, 韓建所排, 貶衡州司馬。後復徵拜禮部尚書, 纍遷太常卿, 歷兵部、刑部尚書。後梁太祖稱帝後不久致仕。丨張讀, 字聖用, 一作聖朋, 唐末深州陸澤(今河北深州西南)人。宣宗大中進士。僖宗乾符五年 以中書舍人權知禮部貢舉, 時稱得士。乾符六年, 以禮部侍郎權知尚書左丞。著有《宣室志》。丨懿宗鹹通十一年 西川節度使廬耽召為參謀, 僖宗乾符二年 以東川點校兵馬使遷檢校兵部尚書兼梓州刺史、御史大夫, 充劍南東川節度等使。丨昭覺寺, 位於成都北郊, 始建於唐貞觀年間, 名建元寺, 宣宗朝重建時敕賜為昭覺寺。僖宗乾符四年（877）, 為休夢長老(即了覺禪師)宴居之所。中和年間畫家張詢隨駕入蜀, 休夢長老委託他在該寺大慈堂畫早、中、晚三時山（參見本書卷下“張洵”條）。宋初有沃土三百廛, 殿宇三百間。另據李畋《重修昭覺寺記》（见[宋]袁说友等编，赵晓兰整理《成都文类》卷三十七，721——724页，北京，中华书局，2011年）, 除孫位所繪壁畫外, 北宋時寺內尚存有陳太師塑《六祖像》、張南本畫《水月觀音》等。丨楊堪, 字時之, 唐末虢州弘農(今河南靈寶東北)人。楊虞卿子。登進士第。僖宗乾符中, 歷庫部、吏部員外郎。昭宗乾寧間, 遷戶部侍郎。乾寧二年, 王行瑜殺其外甥韋昭度, 堪亦被貶為雅州刺史。後官至太子少師。丨王鐸(?-, 字昭範, 太原晉陽(今山西太原西南)人。武宗會昌初進士, 纍遷監察御史、中書舍人、禮部侍郎、戶部侍郎、禮部尚書。宣宗大中十二年 以本官同平章事, 刑部、吏部尚書。僖宗即位, 加右僕射。後得罪宰相韋保衡出為汴州刺史、宣武軍節度使。乾符二年 復拜右僕射、門下侍郎、同平章事。從僖宗入蜀, 為義成軍節度使, 充諸道行營都統, 屢挫黃巢軍, 以功封晉國公, 加中書令。宦官田令孜欲奪其功, 構陷於帝, 鐸罷, 徙義昌節度使, 過魏州時被樂從訓殺害。丨田令孜(?-, 字仲則, 本姓陳, 唐末蜀人。懿宗鹹通中, 從義父入內侍省為宦官。頗知書, 有謀略。僖宗即位, 由小馬坊使擢神策軍中尉。乾符中黃巢亂, 以令孜為觀軍容、制置左右神策、護駕十軍等使。京師不守, 從僖宗幸蜀。鑾輿返正, 令孜有匡佐之功, 時威權振天下。與河中王重榮爭安邑、解縣兩地鹽課, 重榮乃與李克用合兵逼京師, 僖宗再度出奔。光啓二年 出為西川監軍使, 赴成都, 為王建所殺。丨範瓊者, 不知何許人也。開成年與陳皓、彭堅同時同藝, 寓居蜀城。三人善畫人物、佛像、天王、羅漢、鬼神, 三人同手於諸寺圖畫佛像甚多。會昌年除毀後, 餘大聖慈一寺佛像得存。洎宣宗皇帝再興佛寺, 三人於聖壽寺、聖興寺、净衆寺、中興寺, 自大中至乾符, 筆無暫釋, 圖畫二百餘間牆壁, 天王、佛像、高僧、經驗及諸變相, 名目雖同, 形狀一無同者。自淳化五年、咸平三年, 兩遇兵火, 得存三寺筆蹤。大聖慈南廊下《藥☐大將》《和修吉龍王》《鬼子母》《天女》五堵, 謂之“十七護神”; 北廊下石經院門《兩金剛》《東、西二方天王》; 中寺大悲院門上《阿彌陀佛》及《四菩薩》; 院門兩畔《觀音像》《藥師像》; 石經板上《七佛》《四仙人》《大悲變相》; 大將堂兩畔《南、北二方天王》; 文殊閣下《北方天王》及《天王變相》。此寺畫壁, 自唐至今, 年紀深遠, 彩色故暗, 重粧損者十四五矣。聖壽寺大殿《釋伽像》《行道北方天丨道士張素卿者, 簡州人也。少孤貧, 性好畫, 在川主譙國夏侯公（孜）宅, 多見隋唐名畫。藝成之後, 落拓無羈束, 遂衣道士服。唯畫道門尊像, 豪貴之家, 少得其畫者。乾符中, 居青城山常道觀焚修。至中和元年, 僖宗皇帝遣使與賜紫道士杜光庭, 封丈人山為希夷公。癸卯歲, 素卿上表云: “五岳既已封王, 丈人位居五岳之上, 不可稱公。”是歲勅宜改封五嶽丈人為希夷真君, 素卿賜紫。素卿有《老子過流沙圖》《五岳朝真圖》《九皇圖》《五星圖》《老人星圖》《二十四化真人像》《太無先生像》。素卿於諸圖畫而能敏速, 落錐之後, 下筆如神, 自始及終, 更無改正。今龍興觀甚有畫壁, 年深皆盡頹損, 餘張百子堂板龕內門兩畔《龍虎》兩軀, 素卿筆, 見存。王蜀先主修青城山丈人觀, 請素卿於丈人真君殿上畫五岳四瀆、十二溪女、山林溪沼樹木諸神, 及岳瀆曹吏, 詭怪之質, 生於筆端, 上殿觀者, 無不恐懼。又於簡州開元觀畫容成子、董仲舒、嚴君平、李阿、馬自然、葛玄、長壽仙、黃初平、葛永璝、竇子明、左慈、蘇耽十二仙君像, 各寫當初賣卜、賈藥、書符、導引時真。筆蹤灑落, 彩畫因循, 當代名流, 皆推畫手。蜀檢校太傅安公（思謙）, 好古博雅, 唐時名畫, 人皆獻之。黃筌、滕昌祐、石恪皆在其門館, 賓禮優厚。甲寅歲十一月十一日, 值蜀主誕生之辰, 安公進素卿所畫《十二仙真形》十二幀。蜀主耽玩歎賞者久, 因命翰林學士禮部侍郎歐陽炯次第贊之, 令翰林待詔黃居寶八分書題之。凡有醮奏, 於玉局開懸供養。乾德三年, 聖朝克復, 吏部丨韋昭度(?-, 字正紀, 唐末京兆(今陝西西安)人。懿宗鹹通八年 進士。僖宗乾符中-, 遷尚書郎, 拜中書舍人。從僖宗幸蜀, 拜戶部侍郎。中和二年, 以本官同平章事, 兼吏部尚書。昭宗即位, 守中書令, 封歧國公。州刺史王建攻陳敬瑄於成都, 以昭度為劍南西川節度使, 尋因失謀罷為東都留守。景福二年 宰相杜讓能被害, 復委昭度知政事。邠州王行瑜怨之, 數上表詆譏朝政, 昭度懼, 罷為太傅致仕, 王行瑜聯李茂貞、韓建於都亭驛殺之。"
period_唐_唐皇幸蜀,唐皇幸蜀,"{""start"": 880, ""end"": 885}",唐,《益州名画录》,能格下品七人丨能格中品五人,"(接上頁) 高力士—, 高州良德(今廣東高州東北)人, 本姓馮。少 , 武周聖曆元年入宮, 則天嘉其點慧, 令給事左右, 後因小過, 撻而逐之。內官高延福收為養子, 改姓高。則天復召入宮, 性謹密, 能傳詔敕, 授官  丞。玄宗時得寵, 知內侍省事, 四方奏事必先經其手。王公勛貴多赴會之, 宇文融、李林甫等因之而取將相位。肅宗在春官時呼為二兄, 諸王公主皆呼阿翁, 駙馬輩呼為爺。天寶初加冠軍大將軍、右監門衛大將軍, 封報海郡公。安祿山亂, 玄宗幸蜀, 力士從幸, 封齊國公。肅宗上元元年, 為李輔國所構, 配流黔中道。寶應元年 敕歸, 至朗州聞上皇去世, 北望號慟, 嘔血而卒。丨使李回重建時, 摹萬裏橋南元和聖壽寺額, 故曰聖壽寺。僖宗幸蜀時御書寺額。晚唐至北宋時期, 該寺規模宏大。參見王衛明《大聖慈寺畫史叢攷——唐、五代、宋時期西蜀佛教美術發展探源》, 16—18 頁。丨侯, 唐末人。遷中書舍人, 僖宗幸蜀擢為翰林學士。後辭官隱居於導江別業, 號臥龍館。丨悟達國師, 即知玄（811——883）, 字後覺, 俗姓陳氏, 眉州(今四川眉山縣)洪雅人。年十一, 依法泰落髮。杜元穎坐鎮西蜀時, 聞玄名, 命升堂講談於大慈寺普賢閣下, 蜀人號為陳菩薩。武宗詔與道士抗論, 言辭鋒利, 幾獲罪, 旋歸巴岷。宣宗時詔講賜紫, 署為三教首座。後乞歸, 居彭州丹景山。僖宗幸蜀, 賜號悟達國師。丨杜讓能-, 字羣懿, 唐末京兆杜陵(今陝西西安東南)人。杜審權子。懿宗鹹通十四年 進士, 遷推官、長安尉、監察、節度判官、御史、起居郎、禮部兵部員外郎。僖宗幸蜀, 讓能奔赴行在, 拜中書舍人、翰林學士。還京師, 遷兵部尚書。李克用兵至, 帝走寶雞、梁州, 讓能未嘗暫去帝側, 擢兵部侍郎、同中書門下平章事。昭宗立, 為左僕射, 纍進太尉。景福初, 討李茂貞, 兵敗, 委過於讓能, 遂賜死。丨樂朋龜, 字兆吉, 唐末單州成武(今山東成武縣)人。約懿宗鹹通末進士, 僖宗中和初為右拾遺。從僖宗幸蜀, 謁宦官田令孜, 因拜翰林學士。後加承旨, 遷兵部尚書。昭宗時以太子少保致仕。著有《綸閣集》《德門集》等。丨歸仁澤, 唐末蘇州人, 歸融子。懿宗鹹通元年 以第一名登進士第。從僖宗幸蜀, 官禮部侍郎、知貢舉。丨牛叢, 《舊唐書》作“牛(cóng)”, 字表齡, 唐末安定鶉觚人。牛蔚弟。文宗開成二年 進士, 宣宗時任補闕, 數言事。懿宗鹹通末拜劍南西川節度使。僖宗幸蜀, 拜太常卿。以病求為巴州刺史, 不許, 還京為吏部尚書。襄王亂時, 客死太原。丨王蜀先主, 即五代前蜀的創建者王建。王建-, 字光圖, 許州舞陽(今屬河南)人, 一說陳州項城人。隆眉廣, 狀貌偉然。少以販私鹽為業, 後為忠武軍卒, 遷隊將。隨楊復光討黃巢, 擢都頭。僖宗幸蜀時, 建與晉暉、韓建等各率一都歸附, 僖宗得之大喜, 號曰“隨駕五都”, 以屬十軍觀軍容使田令孜, 令孜以建等為養子。僖宗光啓二年出幸興元, 楊復恭代田令孜軍容使, 出建壁州刺史。建乃招集亡命八千, 攻州、利州, 繼而取漢州, 攻彭州, 敗眉州刺史山行章於新繁, 敬瑄發兵七萬益行章, 與建相持於蒙陽、新都百餘日。昭宗遣使議和, 文德元年以宰相韋昭度為西川節度使, 分邛、蜀、黎、雅為永平軍, 拜建為節度使。敬瑄不受代, 昭宗命昭度領兵討之, 建為招討牙內都指揮使。久之不克, 建恐嚇昭度留符節而去。昭度去, 建即以兵扼劍門, 兩川由是阻絕。建急攻成都, 敬瑄降, 殺敬瑄、令孜。大順二年, 以建為檢校司徒、成都尹、劍南西川節度副大使知節度事。乾寧四年, 破梓州而據有東川。天復三年, 朝廷封建為蜀王。朱溫亡唐後建於成都稱帝, 國號蜀, 史稱前蜀, 907—918 年在位。死後其子王衍繼位。廟號高祖, 陵曰永陵。丨田令孜(?-, 字仲則, 本姓陳, 唐末蜀人。懿宗鹹通中, 從義父入內侍省為宦官。頗知書, 有謀略。僖宗即位, 由小馬坊使擢神策軍中尉。乾符中黃巢亂, 以令孜為觀軍容、制置左右神策、護駕十軍等使。京師不守, 從僖宗幸蜀。鑾輿返正, 令孜有匡佐之功, 時威權振天下。與河中王重榮爭安邑、解縣兩地鹽課, 重榮乃與李克用合兵逼京師, 僖宗再度出奔。光啓二年 出為西川監軍使, 赴成都, 為王建所殺。丨西門思恭, 唐僖宗時宦官。僖宗廣明元年, 遷鳳翔監軍, 從僖宗幸蜀, 為右神策軍護軍中尉、觀軍容使。中和年授天下行營兵馬都監, 時老疾不行, 詔楊復光代之。丨重胤者, 粲之子也, 僖宗皇帝幸蜀回鑾之日摴, 蜀民奏請留寫御容於大聖慈寺。其時隨駕寫貌待詔盡皆操筆, 不體天顏。府主陳太師（敬瑄）遂表進重胤, 御容一寫而成, 內外官屬, 無不歎駭, 謂為僧繇之後身矣。宜令中和院上壁, 及寫隨駕文武臣寮真:殿上御容前寫西川節度副大、制置指揮諸道兵馬兼供軍使、太師、中書令、成都尹、潁川郡王陳敬瑄, 義成軍節度使、中書令王鐸, 門下侍中韋昭度, 檢校司徒守太子太保鄭畋, 檢校司徒鄭延休, 翰林學士承旨、守兵部尚書樂朋龜, 翰林學士、守禮部尚書杜讓能, 翰林學士、戶部侍郎崔凝, 翰林學士、中書舍人沈仁偉, 翰林學士、中書舍人侯䎖, 尚書左僕射裴璩, 禮部尚書兼太常禮儀使牛叢, 左散騎常侍楊堪, 右散騎常侍柳涉, 右散騎鄭瑣, 左諫議大夫李紹鰌, 右諫議大夫蕭說, 尚書左丞、知中朝御史中丞盧澤, 給事中李輝, 給事中宋旦, 中書舍人鄭欣, 比部郎中、知制誥蘇循, 尚書右丞判戶部張禕, 尚書吏部侍郎張讀, 尚書刑部侍郎、充集賢殿學士李燠, 尚書禮部侍郎、知貢舉歸仁澤, 行在十軍司馬、工部侍郎、判度支秦韜玉;御容後寫左神策軍觀軍容使、護軍中尉田令孜, 右神策護軍中尉、觀軍容使西門思恭, 內飛龍使、知內侍省楊復恭, 內樞密使田匡禮, 內樞密使李順融, 宣徽南院使劉景宣, 宣徽北院使田獻銖, 左衛大將軍石守悰, 左金吾大將軍劉巨容, 行在諸軍馬步都虞候趙及諸司使副一百餘員。丨韋昭度(?-, 字正紀, 唐末京兆(今陝西西安)人。懿宗鹹通八年 進士。僖宗乾符中-, 遷尚書郎, 拜中書舍人。從僖宗幸蜀, 拜戶部侍郎。中和二年, 以本官同平章事, 兼吏部尚書。昭宗即位, 守中書令, 封歧國公。州刺史王建攻陳敬瑄於成都, 以昭度為劍南西川節度使, 尋因失謀罷為東都留守。景福二年 宰相杜讓能被害, 復委昭度知政事。邠州王行瑜怨之, 數上表詆譏朝政, 昭度懼, 罷為太傅致仕, 王行瑜聯李茂貞、韓建於都亭驛殺之。"
period_唐_中和,中和,"{""start"": 881, ""end"": 885}",唐,《益州名画录》,能格下品七人丨能格中品五人,"中和, 唐僖宗李儇年號, 881—885 年。丨中和元年, 唐僖宗李儇年號, 881 年。丨僖宗皇帝, 即唐僖宗李儇（862——888）, 懿宗第五子。初封普王, 名儼。鹹通十四年（873）詔儼改名儇, 立為皇太子。是日懿宗崩, 即位於柩前, 時年二十。在位十五年, 期間宦官田令孜專權, 經歷王仙芝、黃巢叛亂, 廣明元年至中和五年（880——885）入蜀避難。文德元年（888）暴疾崩於武德殿, 謚曰惠聖恭定孝皇帝, 廟號僖宗, 葬於靖陵。丨僖宗駕回, 指僖宗在平黃巢之亂後於中和五年 三月返回長安。丨大聖慈寺六祖院羅漢閣上《峨眉山》《青城山》《羅浮山》《霧中山》四堵, 中和年畫, 不留姓名。評妙格中品。丨宣令, 即宣諭, 皇帝命令宣召。中和院, 大聖慈寺別院之一, 原名中和, 後賜名勝相, 北宋蘇軾曾撰有《中和勝相院記》《勝相院經藏記》。上壁, 將絹紙上的御容像繪製到牆壁上。及, 繼續。本句可譯為: 僖宗宣諭把絹紙上的御容像繪製到中和院的牆壁上, 並繼續描繪隨駕的文武大臣像。大聖慈寺中和院壁僖宗及隨駕文武羣臣像在北宋仍然可見, 如蘇軾《中和勝相院記》就記載說: “而此院又有唐僖宗皇帝像及其從官文武七十五人, 其奔走失國與其所以將亡而不遂滅者, 既足以感慨太息, 而畫又皆精妙冠世, 有足稱者。” ([北宋]蘇軾《東坡全集》卷三十五)丨崔凝, 唐末人。進士及第。僖宗朝, 歷司勛員外郎、中書舍人。中和年, 召充翰林學士, 遷戶部侍郎。昭宗時官刑部尚書, 權知禮部貢舉。後因他所負責的科舉取士不合帝意, 被貶為合州刺史, 卒於貶所。丨張南本者, 不知何許人也。中和年寓止蜀城。攻畫佛像, 人物, 龍王, 神鬼, 有《金谷園圖》《勘書圖》《詩會圖》《白居易叩齒圖》《高麗王行香圖》。今聖壽寺中門《賓頭盧變相》, 東廊下《靈山佛會》, 大聖慈寺華嚴閣下東畔《大悲變相》, 竹溪院《六祖》, 興善院《大悲菩薩》《八明王》《孔雀王變相》, 並南本筆。相傳南本於金華寺大殿畫《明王》八軀, 纔畢, 有一老僧入寺蹶仆於門下, 初不知是畫, 但見大殿遭火所焚。其時孫位畫水, 南本畫火, 代無及者。世之水火, 皆無定質, 唯此二公之畫, 冠絕古今。僖宗駕回之後, 府主陳太師於寶曆寺置水陸院, 請南本畫天神地祇、三官五帝、雷公電母、岳瀆神仙、自古帝王, 蜀中諸廟一百二十餘幀, 千怪萬異, 神鬼龍獸, 魍魎魑魅, 錯雜其間, 時稱大手筆也。丨張禕, 字冠章, 唐末鄧州南陽(今河南南陽)人。僖宗乾符中, 先後為浙西趙隱、淮南劉鄴闢為賓佐。入為監察御史, 遷左補闕, 官中書舍人。中和間, 拜工部侍郎, 遷尚書右丞, 改太子賓客、左散騎常侍, 轉吏部侍郎。昭宗乾寧末, 韓建所排, 貶衡州司馬。後復徵拜禮部尚書, 纍遷太常卿, 歷兵部、刑部尚書。後梁太祖稱帝後不久致仕。丨張詢者, 南海人也。爰自鄉薦下第, 久住帝京, 精於小筆。中和年隨駕到蜀, 與昭覺寺休夢長老故交, 遂依託焉。忽一日, 長老請於本寺大慈堂後留少筆蹤, 畫一堵早景、一堵午景、一堵晚景, 謂之《三時山》, 蓋貌吳中山水, 頗甚工。畫畢之日, 遇僖宗駕幸茲寺, 盡日歎賞。王氏朝皇太子簡王欲要遷於東宮, 為壁泥通枋, 移損不全, 乃寢前命, 今見存。丨播越, 離散, 流亡。唐二帝播越, 指唐玄宗, 唐僖宗分別因安史之亂, 黃巢之亂逃往益州避亂。天寶十四年十一月, 兼平廬, 範陽, 河東三鎮節度使的安祿山在範陽叛亂; 天寶十五年六月, 拱衛京師的最後一道屏障潼關被攻破, 唐玄宗被迫帶領楊國忠, 楊貴妃等, 在騎兵的護衛下倉惶出逃, 前往益州避難, 第二年十月被肅宗接回。廣明元年十二月, 黃巢領導起義軍攻破長安, 只有少數隨從陪同的唐僖宗從京師出逃至益州, 中和五年三月纔回到長安。丨昭覺寺, 位於成都北郊, 始建於唐貞觀年間, 名建元寺, 宣宗朝重建時敕賜為昭覺寺。僖宗乾符四年（877）, 為休夢長老(即了覺禪師)宴居之所。中和年間畫家張詢隨駕入蜀, 休夢長老委託他在該寺大慈堂畫早、中、晚三時山（參見本書卷下“張洵”條）。宋初有沃土三百廛, 殿宇三百間。另據李畋《重修昭覺寺記》（见[宋]袁说友等编，赵晓兰整理《成都文类》卷三十七，721——724页，北京，中华书局，2011年）, 除孫位所繪壁畫外, 北宋時寺內尚存有陳太師塑《六祖像》、張南本畫《水月觀音》等。丨昭覺寺大悲堂內《四天王》兩堵, 堂外《觀音》一堵, 寺門後兩畔《東、西天王》兩堵, 并中和年畫, 不知畫人名姓。評能格中品。丨樂朋龜, 字兆吉, 唐末單州成武(今山東成武縣)人。約懿宗鹹通末進士, 僖宗中和初為右拾遺。從僖宗幸蜀, 謁宦官田令孜, 因拜翰林學士。後加承旨, 遷兵部尚書。昭宗時以太子少保致仕。著有《綸閣集》《德門集》等。丨癸卯歲, 僖宗中和三年, 883 年。丨秦韜玉, 字中明, 唐末京兆(今陝西西安)人。出身寒素, 纍舉不第。因其父為左神策軍將, 遂出入宦官田令孜門。從僖宗入蜀。中和二年, 特賜進士及第。中和四年, 官至工部侍郎、判度支, 田令孜十軍司馬。著有《投知小》, 已佚。丨聖壽寺是成都的大寺, 很多知名畫家都曾在此繪製壁畫。據本書, 唐大中年間範瓊在大殿繪有《釋迦像》《行道北方天王像》《西方變相》, 殿上小壁繪《水月觀音》, 浴室院旁有《西方天王》, 大悲院畫《八明王》《西方變相》。大中初, 左全在大殿繪《維摩詰變相》。大中初, 張騰在大殿繪《文殊》《普賢》《彌勒下生》, 浴室院北對範瓊畫《持弓北方天王》。中和年, 張南本在中門繪《賓頭盧變相》, 東廊下有《靈山佛會》。唐景福年, 不知名畫家在東廊下、維摩詰堂內畫《居士方丈》《花竹芭蕉》《山水松石》《風候雲氣》。晚唐李昇在廳壁畫《出峽圖》《霧中山圖》。晚唐麻居禮在偏門北畔畫《八難觀音》。前蜀永平年, 張景思在北廊下繪《降魔變》。後蜀蒲延昌畫《鬼神》。後蜀石恪在經閣院玄女堂畫《六十甲子神》等。丨西門思恭, 唐僖宗時宦官。僖宗廣明元年, 遷鳳翔監軍, 從僖宗幸蜀, 為右神策軍護軍中尉、觀軍容使。中和年授天下行營兵馬都監, 時老疾不行, 詔楊復光代之。丨道士張素卿者, 簡州人也。少孤貧, 性好畫, 在川主譙國夏侯公（孜）宅, 多見隋唐名畫。藝成之後, 落拓無羈束, 遂衣道士服。唯畫道門尊像, 豪貴之家, 少得其畫者。乾符中, 居青城山常道觀焚修。至中和元年, 僖宗皇帝遣使與賜紫道士杜光庭, 封丈人山為希夷公。癸卯歲, 素卿上表云: “五岳既已封王, 丈人位居五岳之上, 不可稱公。”是歲勅宜改封五嶽丈人為希夷真君, 素卿賜紫。素卿有《老子過流沙圖》《五岳朝真圖》《九皇圖》《五星圖》《老人星圖》《二十四化真人像》《太無先生像》。素卿於諸圖畫而能敏速, 落錐之後, 下筆如神, 自始及終, 更無改正。今龍興觀甚有畫壁, 年深皆盡頹損, 餘張百子堂板龕內門兩畔《龍虎》兩軀, 素卿筆, 見存。王蜀先主修青城山丈人觀, 請素卿於丈人真君殿上畫五岳四瀆、十二溪女、山林溪沼樹木諸神, 及岳瀆曹吏, 詭怪之質, 生於筆端, 上殿觀者, 無不恐懼。又於簡州開元觀畫容成子、董仲舒、嚴君平、李阿、馬自然、葛玄、長壽仙、黃初平、葛永璝、竇子明、左慈、蘇耽十二仙君像, 各寫當初賣卜、賈藥、書符、導引時真。筆蹤灑落, 彩畫因循, 當代名流, 皆推畫手。蜀檢校太傅安公（思謙）, 好古博雅, 唐時名畫, 人皆獻之。黃筌、滕昌祐、石恪皆在其門館, 賓禮優厚。甲寅歲十一月十一日, 值蜀主誕生之辰, 安公進素卿所畫《十二仙真形》十二幀。蜀主耽玩歎賞者久, 因命翰林學士禮部侍郎歐陽炯次第贊之, 令翰林待詔黃居寶八分書題之。凡有醮奏, 於玉局開懸供養。乾德三年, 聖朝克復, 吏部丨鄭畋—, 字臺文, 唐滎陽(今屬河南)人。鄭亞子。會昌二年 進士, 以書判拔萃擢渭南尉。劉瞻為相, 薦為翰林學士, 轉戶部郎中, 遷中書舍人、戶部侍郎。劉瞻罷相出為梧州刺史。僖宗即位詔還, 授右散騎常侍, 改兵部侍郎, 以本官同平章事。僖宗廣明元年 官拜禮部尚書, 尋出為鳳翔右節度使, 因破黃巢軍有功, 進位檢校司空兼門下侍郎。中和二年 以疾罷相, 授檢校司徒、太子太保。尋以疾薨, 贈太尉、太傅, 謚曰文昭。丨重胤者, 粲之子也, 僖宗皇帝幸蜀回鑾之日摴, 蜀民奏請留寫御容於大聖慈寺。其時隨駕寫貌待詔盡皆操筆, 不體天顏。府主陳太師（敬瑄）遂表進重胤, 御容一寫而成, 內外官屬, 無不歎駭, 謂為僧繇之後身矣。宜令中和院上壁, 及寫隨駕文武臣寮真:殿上御容前寫西川節度副大、制置指揮諸道兵馬兼供軍使、太師、中書令、成都尹、潁川郡王陳敬瑄, 義成軍節度使、中書令王鐸, 門下侍中韋昭度, 檢校司徒守太子太保鄭畋, 檢校司徒鄭延休, 翰林學士承旨、守兵部尚書樂朋龜, 翰林學士、守禮部尚書杜讓能, 翰林學士、戶部侍郎崔凝, 翰林學士、中書舍人沈仁偉, 翰林學士、中書舍人侯䎖, 尚書左僕射裴璩, 禮部尚書兼太常禮儀使牛叢, 左散騎常侍楊堪, 右散騎常侍柳涉, 右散騎鄭瑣, 左諫議大夫李紹鰌, 右諫議大夫蕭說, 尚書左丞、知中朝御史中丞盧澤, 給事中李輝, 給事中宋旦, 中書舍人鄭欣, 比部郎中、知制誥蘇循, 尚書右丞判戶部張禕, 尚書吏部侍郎張讀, 尚書刑部侍郎、充集賢殿學士李燠, 尚書禮部侍郎、知貢舉歸仁澤, 行在十軍司馬、工部侍郎、判度支秦韜玉;御容後寫左神策軍觀軍容使、護軍中尉田令孜, 右神策護軍中尉、觀軍容使西門思恭, 內飛龍使、知內侍省楊復恭, 內樞密使田匡禮, 內樞密使李順融, 宣徽南院使劉景宣, 宣徽北院使田獻銖, 左衛大將軍石守悰, 左金吾大將軍劉巨容, 行在諸軍馬步都虞候趙及諸司使副一百餘員。丨韋昭度(?-, 字正紀, 唐末京兆(今陝西西安)人。懿宗鹹通八年 進士。僖宗乾符中-, 遷尚書郎, 拜中書舍人。從僖宗幸蜀, 拜戶部侍郎。中和二年, 以本官同平章事, 兼吏部尚書。昭宗即位, 守中書令, 封歧國公。州刺史王建攻陳敬瑄於成都, 以昭度為劍南西川節度使, 尋因失謀罷為東都留守。景福二年 宰相杜讓能被害, 復委昭度知政事。邠州王行瑜怨之, 數上表詆譏朝政, 昭度懼, 罷為太傅致仕, 王行瑜聯李茂貞、韓建於都亭驛殺之。"
period_唐_文德,文德,"{""start"": 888, ""end"": 888}",唐,《益州名画录》,能格下品七人,"僖宗皇帝, 即唐僖宗李儇（862——888）, 懿宗第五子。初封普王, 名儼。鹹通十四年（873）詔儼改名儇, 立為皇太子。是日懿宗崩, 即位於柩前, 時年二十。在位十五年, 期間宦官田令孜專權, 經歷王仙芝、黃巢叛亂, 廣明元年至中和五年（880——885）入蜀避難。文德元年（888）暴疾崩於武德殿, 謚曰惠聖恭定孝皇帝, 廟號僖宗, 葬於靖陵。丨王蜀先主, 即五代前蜀的創建者王建。王建-, 字光圖, 許州舞陽(今屬河南)人, 一說陳州項城人。隆眉廣, 狀貌偉然。少以販私鹽為業, 後為忠武軍卒, 遷隊將。隨楊復光討黃巢, 擢都頭。僖宗幸蜀時, 建與晉暉、韓建等各率一都歸附, 僖宗得之大喜, 號曰“隨駕五都”, 以屬十軍觀軍容使田令孜, 令孜以建等為養子。僖宗光啓二年出幸興元, 楊復恭代田令孜軍容使, 出建壁州刺史。建乃招集亡命八千, 攻州、利州, 繼而取漢州, 攻彭州, 敗眉州刺史山行章於新繁, 敬瑄發兵七萬益行章, 與建相持於蒙陽、新都百餘日。昭宗遣使議和, 文德元年以宰相韋昭度為西川節度使, 分邛、蜀、黎、雅為永平軍, 拜建為節度使。敬瑄不受代, 昭宗命昭度領兵討之, 建為招討牙內都指揮使。久之不克, 建恐嚇昭度留符節而去。昭度去, 建即以兵扼劍門, 兩川由是阻絕。建急攻成都, 敬瑄降, 殺敬瑄、令孜。大順二年, 以建為檢校司徒、成都尹、劍南西川節度副大使知節度事。乾寧四年, 破梓州而據有東川。天復三年, 朝廷封建為蜀王。朱溫亡唐後建於成都稱帝, 國號蜀, 史稱前蜀, 907—918 年在位。死後其子王衍繼位。廟號高祖, 陵曰永陵。"
period_唐_景福,景福,"{""start"": 892, ""end"": 893}",唐,《益州名画录》,能格下品七人丨能格中品五人,"時王建據閬州, 利州, 自請討敬瑄, 敗之, 景福二年被建殺。丨杜讓能-, 字羣懿, 唐末京兆杜陵(今陝西西安東南)人。杜審權子。懿宗鹹通十四年 進士, 遷推官、長安尉、監察、節度判官、御史、起居郎、禮部兵部員外郎。僖宗幸蜀, 讓能奔赴行在, 拜中書舍人、翰林學士。還京師, 遷兵部尚書。李克用兵至, 帝走寶雞、梁州, 讓能未嘗暫去帝側, 擢兵部侍郎、同中書門下平章事。昭宗立, 為左僕射, 纍進太尉。景福初, 討李茂貞, 兵敗, 委過於讓能, 遂賜死。丨聖壽寺是成都的大寺, 很多知名畫家都曾在此繪製壁畫。據本書, 唐大中年間範瓊在大殿繪有《釋迦像》《行道北方天王像》《西方變相》, 殿上小壁繪《水月觀音》, 浴室院旁有《西方天王》, 大悲院畫《八明王》《西方變相》。大中初, 左全在大殿繪《維摩詰變相》。大中初, 張騰在大殿繪《文殊》《普賢》《彌勒下生》, 浴室院北對範瓊畫《持弓北方天王》。中和年, 張南本在中門繪《賓頭盧變相》, 東廊下有《靈山佛會》。唐景福年, 不知名畫家在東廊下、維摩詰堂內畫《居士方丈》《花竹芭蕉》《山水松石》《風候雲氣》。晚唐李昇在廳壁畫《出峽圖》《霧中山圖》。晚唐麻居禮在偏門北畔畫《八難觀音》。前蜀永平年, 張景思在北廊下繪《降魔變》。後蜀蒲延昌畫《鬼神》。後蜀石恪在經閣院玄女堂畫《六十甲子神》等。丨聖壽寺東廊下維摩詰堂內, 畫《居士方丈》《花竹芭蕉》《山水松石》《風候雲氣》三堵, 景福年畫, 不留姓名。評能格中品。丨韋昭度(?-, 字正紀, 唐末京兆(今陝西西安)人。懿宗鹹通八年 進士。僖宗乾符中-, 遷尚書郎, 拜中書舍人。從僖宗幸蜀, 拜戶部侍郎。中和二年, 以本官同平章事, 兼吏部尚書。昭宗即位, 守中書令, 封歧國公。州刺史王建攻陳敬瑄於成都, 以昭度為劍南西川節度使, 尋因失謀罷為東都留守。景福二年 宰相杜讓能被害, 復委昭度知政事。邠州王行瑜怨之, 數上表詆譏朝政, 昭度懼, 罷為太傅致仕, 王行瑜聯李茂貞、韓建於都亭驛殺之。"
period_唐_光化,光化,"{""start"": 898, ""end"": 901}",唐,《益州名画录》,能格下品七人丨能格中品五人,"光化, 唐昭宗李曄年號, 898—901 年。丨光化, 唐昭宗李曄年號, 898—901年。丨光化年, 昭宗勅許王蜀先主置生祠, 命道興與趙德齊同手畫西平王儀仗, 車輅旌旗, 禮服法物, 朝真殿上皇姑帝戚, 后妃女樂百堵已來, 授翰林待詔, 賜紫金魚袋。及先主殂逝, 再命道興與德齊畫陵廟鬼神, 人馬兵甲, 公王儀仗, 宮寢嬪御——百餘堵。今大慈寺中兩廊下《高僧》六十餘軀, 華嚴閣東畔丈六《天花瑞像》, 並見存。丨其中“麻居禮”條記他“光化, 天復年, 聲跡已喧”, 可確定應以“天復”為是。下不另注。丨德齊者, 溫奇子也。乾寧初, 王蜀先主府城精舍不嚴, 禪室未廣, 遂於大聖慈寺大殿東廡起三學延祥之院。請德齊於正門西畔畫《南、北二方天王》兩堵。院門舊有盧楞伽畫《行道高僧》三堵六身, 賴德齊遷移, 至今獲在。光化年, 王蜀先主受昭宗勅置生祠, 命德齊與高道興同手畫西平王儀仗、旗纛旌麾、車輅法物, 及朝真殿上皇姑帝戚、后妃嬪御百堵已來, 授翰林待詔, 賜紫金魚袋。蜀光天元年戊寅歲, 蜀先主殂逝, 再命德齊與道興畫陵廟鬼神、人馬及車輅儀仗、宮寢嬪御一百餘堵。大聖慈寺竹溪院《釋迦十弟子》, 並《十六大羅漢》, 崇福禪院《帝釋》及《羅漢》, 崇真禪院《帝釋》《梵王》, 及羅漢堂《文殊》《普賢》, 皆德齊筆, 見存。議者以德齊三代居蜀, 一時名振, 克紹祖業, 榮耀何多。丨昭, 畫苑本、文淵閣本等皆作“高”, 光化年應為昭宗年號, 故改之。丨輅(), 大車。車輅, 泛指儀仗用的車。法物, 儀仗用的器物。趙德齊、高道興所繪應為《西平王出行圖》, 或稱《西平王統軍出行圖》《西平王出行儀仗圖》等。描繪出行儀仗的場面在北朝墓葬壁畫中屢有發現, 初唐墓葬壁畫中出行儀仗的規模更加宏大, 典型的如中宗神龍二年懿德太子墓《出行儀仗圖》。約開元十一年, 玄宗封泰山回京時途經金橋, 敕陳閎、吳道子、韋無忝繪《金橋圖》, 圖畫完成後被譽為“三絕”, 該圖大概是唐代最為知名的禮儀畫。敦煌莫高窟第 156 窟為張議潮窟, 完工於懿宗鹹通年間, 該窟主室兩側壁及前壁下部繪有《張議潮統軍圖》《宋氏出行圖》, 表現了節度使張議潮統軍出行及其夫人宋氏儀仗出行的情景。昭宗光化年—《西平王出行圖》與《金橋圖》《張議潮統軍圖》均屬於禮儀性質的圖畫, 在圖像表現上應有相似之處。丨麻居禮者, 蜀人也。幼師張南本筆法, 親得其訣。光化、天復年, 聲跡已喧。資、簡、邛、蜀州寺觀壁畫甚多。今聖壽寺偏門北畔畫《八難觀音》一堵, 見存。"
period_唐_天祐,天祐,"{""start"": 904, ""end"": 907}",唐,《益州名画录》,妙格下品十一人,"玄武, 宋真宗時避聖祖趙玄朗諱改為真武, 爲四聖之一。宋時出現真武化現的傳說, 如趙彥衛《雲麓漫抄》卷九記: “後興醴泉觀得龜蛇, 道士以為真武現, 繪其象為北方之神, 被髮黑衣仗劍蹈龜蛇, 從者執黑旗。自後奉祀益嚴, 加號鎮天祐聖, 或以為金人之識。” 可見醴泉觀真武像為披髮, 黑衣, 仗劍, 蹈龜蛇的形象, 與蘇軾所記太平清宮中的黑煞像大體相似, 不同之處在於真武足踏龜蛇, 而黑煞側為虯龍。宋真宗天禧元年 (1017) 加號真武將軍日真武靈應真君, 徽宗大觀二年 (1108) 加號為祐聖真武靈應真君。"
period_前蜀_武成,武成,"{""start"": 908, ""end"": 910}",前蜀,《益州名画录》,妙格下品十一人丨能格下品七人,"《蜀檮杌》記前蜀武成元年  詔“子城南門為崇禮門, 中隔為神雀門, 東門為神政門, 西門為興義門”。 ([北宋] 張唐英《蜀檮杌》捲上)丨在聖興寺塑像、繪製壁畫的藝術家有: 唐懿宗咸通年, 範瓊在大殿繪《東、北二方天王》《藥師十二神》《釋迦十弟子》《彌勒像》《大悲變相》, 在該寺另畫有《西方變》《焉芻瑟磨像》《高僧像》等。唐末張騰在該寺繪製過壁畫。前蜀武成中（909）天王院雍中本塑、楊元真妝《天王及部屬》《熾盛光佛》《九曜二十八宿》。北宋太宗淳化四年（993）黃居寀在新禪院畫《龍水》《天台山圖》《水石》。丨宗裕, 即王宗裕, 王建族子。唐昭宗時跟隨王建鎮西川, 官嘉州刺史。與王宗侃等圍楊晟於彭州, 戰功卓著, 未幾領馬步使。天復元年, 代王宗滌爲東川留後, 後改漢州刺史。前蜀武成三年, 追封通王。因本書寫於宋初, 故稱前蜀所封通王為“僞”。丨張玄者, 簡州金水 石城山 人也。攻畫人物, 尤善羅漢。當王氏偏霸 武成 年, 聲跡喧然, 時呼玄為 “張羅漢”。荊、湖、淮、浙令人入蜀, 縱價收市, 將 歸本道。前輩畫佛像、羅漢, 相傳曹樣、吳樣二本, 曹起曹弗興, 吳起吳棟。曹畫衣紋稠疊, 吳畫衣紋簡略。其曹畫, 今昭覺寺孫位《戰勝天王》是也; 其吳畫, 今大聖慈寺盧楞伽《行道高僧》是也。玄畫羅漢, 吳樣矣。今大聖慈寺灌頂院《羅漢》一堂 十六軀, 見存。丨楊元真者, 石城山張玄 外族 也。攻畫佛像, 羅漢, 兼善粧鑾 。當王氏武成中, 善塑像者簡州許侯 , 東川雍中本二人, 時推妙手。今聖興寺天王院《天王及部屬》《熾盛光佛》 《九曜二十八宿》, 天長觀, 龍興觀, 龍虎宮, 並雍中本塑。大聖慈寺《熾盛光佛》《九曜二十八宿》, 華嚴閣下西畔《立釋迦像》, 并許侯塑。皆元真粧, 肉色髭髮, 衣紋錦繡, 及諸禽類, 備著奇功, 時輩罕及。今四天王寺壁畫《五臺山文殊菩薩變相》一堵, 元真筆, 見存。丨武成, 前蜀高祖王建年號, 908—910 年。"
period_前蜀_永平,永平,"{""start"": 911, ""end"": 915}",前蜀,《益州名画录》,妙格下品十一人丨能格下品七人丨能格中品五人,"前蜀王建永平元年, 道襲為山南西道節度使, 率軍攻李茂貞, 兵敗青泥嶺, 救兵至脫險。丨張景思者, 金水石城山張玄之裔也。思之一族, 世傳圖畫佛像、羅漢。景思王氏永平年於聖壽寺北廊下畫《降魔變相》一堵, 見存。丨景思王氏永平年, 集成本作“王氏永平年景思”。丨王昭遠(?—, 五代時成都人。幼孤貧, 依東郭僧智諲為童子。孟昶嗣位, 以昭遠卷簾使、茶酒庫使。會樞密使王處回出知梓州, 以昭遠通奏使、知樞密院事。出為永平軍節度使, 後為夔州寧江軍節度使, 未幾兼領山南西道節度使、同平章事。宋師入境, 昶遣昭遠與趙崇韜率兵拒戰, 兵敗被擒, 授左領軍衛大將軍。丨王氏永平, 前蜀高祖王建永平年間, 911-915年。丨王蜀先主, 即五代前蜀的創建者王建。王建-, 字光圖, 許州舞陽(今屬河南)人, 一說陳州項城人。隆眉廣, 狀貌偉然。少以販私鹽為業, 後為忠武軍卒, 遷隊將。隨楊復光討黃巢, 擢都頭。僖宗幸蜀時, 建與晉暉、韓建等各率一都歸附, 僖宗得之大喜, 號曰“隨駕五都”, 以屬十軍觀軍容使田令孜, 令孜以建等為養子。僖宗光啓二年出幸興元, 楊復恭代田令孜軍容使, 出建壁州刺史。建乃招集亡命八千, 攻州、利州, 繼而取漢州, 攻彭州, 敗眉州刺史山行章於新繁, 敬瑄發兵七萬益行章, 與建相持於蒙陽、新都百餘日。昭宗遣使議和, 文德元年以宰相韋昭度為西川節度使, 分邛、蜀、黎、雅為永平軍, 拜建為節度使。敬瑄不受代, 昭宗命昭度領兵討之, 建為招討牙內都指揮使。久之不克, 建恐嚇昭度留符節而去。昭度去, 建即以兵扼劍門, 兩川由是阻絕。建急攻成都, 敬瑄降, 殺敬瑄、令孜。大順二年, 以建為檢校司徒、成都尹、劍南西川節度副大使知節度事。乾寧四年, 破梓州而據有東川。天復三年, 朝廷封建為蜀王。朱溫亡唐後建於成都稱帝, 國號蜀, 史稱前蜀, 907—918 年在位。死後其子王衍繼位。廟號高祖, 陵曰永陵。丨皇太子簡王, 即王元膺(?-, 字昌美。前蜀高祖王建次子, 初名宗懿。起家祕書少監, 封簡王 (一作遂王)。年十七立為皇太子, 未幾, 更名元坦。永平中得銅牌於什邡, 高祖以為符識, 又命改名日元膺。高祖以杜光庭為其師, 並選名儒侍東宮, 但元膺日與樂工羣小嬉戲無度。與內樞密使唐道襲有隙, 興兵殺之。高祖遣王宗侃等發兵討之, 元膺兵潰, 被衛士所殺。丨義成軍, 初名永平軍, 代宗大曆中置, 治所在汴(今河南開封), 轄汴、宋、滑等八州。德宗貞元初改稱義成軍, 治所移在滑州(今河南滑縣)。丨聖壽寺是成都的大寺, 很多知名畫家都曾在此繪製壁畫。據本書, 唐大中年間範瓊在大殿繪有《釋迦像》《行道北方天王像》《西方變相》, 殿上小壁繪《水月觀音》, 浴室院旁有《西方天王》, 大悲院畫《八明王》《西方變相》。大中初, 左全在大殿繪《維摩詰變相》。大中初, 張騰在大殿繪《文殊》《普賢》《彌勒下生》, 浴室院北對範瓊畫《持弓北方天王》。中和年, 張南本在中門繪《賓頭盧變相》, 東廊下有《靈山佛會》。唐景福年, 不知名畫家在東廊下、維摩詰堂內畫《居士方丈》《花竹芭蕉》《山水松石》《風候雲氣》。晚唐李昇在廳壁畫《出峽圖》《霧中山圖》。晚唐麻居禮在偏門北畔畫《八難觀音》。前蜀永平年, 張景思在北廊下繪《降魔變》。後蜀蒲延昌畫《鬼神》。後蜀石恪在經閣院玄女堂畫《六十甲子神》等。丨道士陳若愚者, 左蜀人也。師張素卿畫, 遂衣道士服。師事素卿, 受其筆法。王氏永平, 廢興聖觀為軍營, 其觀有五金鑄《天尊形明皇御容》一軀, 移在大聖慈寺御容院供養。餘道門尊像殿堂, 皆就龍興觀起立, 今精思院北帝殿是也。殿上壁畫有青龍君、白虎君、朱雀君、玄武君四像, 並若愚筆, 見存。丨雲臺, 畫苑本、文淵閣本改。漢宮中高臺名, 東漢明帝在其內繪有《雲臺二十八將圖》。《後漢書》卷五十二曰: “永平中, 顯宗(明帝劉莊) 追感前世功臣, 乃圖畫二十八將於南宮雲臺。” ([南朝宋]範曄《後漢書》卷五十二)"
period_前蜀_光天,光天,"{""start"": 918, ""end"": 918}",前蜀,《益州名画录》,能格下品七人,"光天元年戊寅歲, 前蜀高祖王建年號, 即 918 年。丨德齊者, 溫奇子也。乾寧初, 王蜀先主府城精舍不嚴, 禪室未廣, 遂於大聖慈寺大殿東廡起三學延祥之院。請德齊於正門西畔畫《南、北二方天王》兩堵。院門舊有盧楞伽畫《行道高僧》三堵六身, 賴德齊遷移, 至今獲在。光化年, 王蜀先主受昭宗勅置生祠, 命德齊與高道興同手畫西平王儀仗、旗纛旌麾、車輅法物, 及朝真殿上皇姑帝戚、后妃嬪御百堵已來, 授翰林待詔, 賜紫金魚袋。蜀光天元年戊寅歲, 蜀先主殂逝, 再命德齊與道興畫陵廟鬼神、人馬及車輅儀仗、宮寢嬪御一百餘堵。大聖慈寺竹溪院《釋迦十弟子》, 並《十六大羅漢》, 崇福禪院《帝釋》及《羅漢》, 崇真禪院《帝釋》《梵王》, 及羅漢堂《文殊》《普賢》, 皆德齊筆, 見存。議者以德齊三代居蜀, 一時名振, 克紹祖業, 榮耀何多。"
period_前蜀_乾德,乾德,"{""start"": 919, ""end"": 924}",前蜀,《益州名画录》,妙格下品十一人丨能格下品七人丨能格中品五人,"乾德三年正月, 蜀主孟昶降。丨畫右題: “乾德改元八月八日西蜀石恪寫《二祖調心圖》。”丨道士張素卿者, 簡州人也。少孤貧, 性好畫, 在川主譙國夏侯公（孜）宅, 多見隋唐名畫。藝成之後, 落拓無羈束, 遂衣道士服。唯畫道門尊像, 豪貴之家, 少得其畫者。乾符中, 居青城山常道觀焚修。至中和元年, 僖宗皇帝遣使與賜紫道士杜光庭, 封丈人山為希夷公。癸卯歲, 素卿上表云: “五岳既已封王, 丈人位居五岳之上, 不可稱公。”是歲勅宜改封五嶽丈人為希夷真君, 素卿賜紫。素卿有《老子過流沙圖》《五岳朝真圖》《九皇圖》《五星圖》《老人星圖》《二十四化真人像》《太無先生像》。素卿於諸圖畫而能敏速, 落錐之後, 下筆如神, 自始及終, 更無改正。今龍興觀甚有畫壁, 年深皆盡頹損, 餘張百子堂板龕內門兩畔《龍虎》兩軀, 素卿筆, 見存。王蜀先主修青城山丈人觀, 請素卿於丈人真君殿上畫五岳四瀆、十二溪女、山林溪沼樹木諸神, 及岳瀆曹吏, 詭怪之質, 生於筆端, 上殿觀者, 無不恐懼。又於簡州開元觀畫容成子、董仲舒、嚴君平、李阿、馬自然、葛玄、長壽仙、黃初平、葛永璝、竇子明、左慈、蘇耽十二仙君像, 各寫當初賣卜、賈藥、書符、導引時真。筆蹤灑落, 彩畫因循, 當代名流, 皆推畫手。蜀檢校太傅安公（思謙）, 好古博雅, 唐時名畫, 人皆獻之。黃筌、滕昌祐、石恪皆在其門館, 賓禮優厚。甲寅歲十一月十一日, 值蜀主誕生之辰, 安公進素卿所畫《十二仙真形》十二幀。蜀主耽玩歎賞者久, 因命翰林學士禮部侍郎歐陽炯次第贊之, 令翰林待詔黃居寶八分書題之。凡有醮奏, 於玉局開懸供養。乾德三年, 聖朝克復, 吏部丨道士李壽儀者, 邛州依政人也。壯年慕道, 於本縣有德觀為道士。齋醮之外, 專精畫業, 人呼為“李水墨”, 多畫道門尊像。往來青城山丈人觀, 宗師張素卿筆法, 每點簇五嶽四瀆部屬, 歸家習學之, 如此數年。簡州開元觀有張素卿畫《十二仙君》一堂（乾德四年）遭火所焚, 廣政中壽儀往彼焚香齋潔模寫, 將歸邛州天師觀西院上畫其壁, 但窮精粹, 筆力因於素卿, 神彩氣運, 有過時流, 一堂六堵, 見存。丨阮知誨者, 成都人也。攻畫女郎, 筆蹤妍麗, 及 善寫真。王氏乾德年, 寫《少主真》於大聖慈寺三學院經樓下。孟氏明德年, 寫《先主真》於三學院真堂內, 寫《福慶公主 真》《玉清公主真》於內庭 。知誨兩朝多寫皇姑帝戚, 渥澤纍遷, 授翰林待詔、銀青光祿大夫 、檢校尚書左僕射, 兼御史大夫 、上柱國。"
period_后唐_天成,天成,"{""start"": 926, ""end"": 930}",后唐,《益州名画录》,妙格下品十一人丨能格下品七人,"上柱國, 戰國楚制, 立覆軍殺將戰功的, 官為上柱國。北魏置柱國大將軍, 北周增置上柱國大將軍。唐宋時皆以上柱國為武官勛級中的最高級, 柱國次之。《舊五代史·職官志》: “後唐天成三年 五月, 詔曰: ‘開府儀同三司, 階之極; 太師, 官之極; 封王, 爵之極; 上柱國, 勛之極。近代已來, 文臣官階稍高, 便授柱國; 歲月未深, 便轉上柱國。武資不計何人, 初官便授上柱國。官爵非無次第, 階勛備有等差, 宜自此時, 重修舊制。今後凡是加勛, 先自武騎尉, 經十二轉方授上柱國, 永作成規, 不令逾越。’雖有是命, 竟不革前例。” ([北宋]薛居正等《舊五代史》卷一百四十九)丨拔宅升僊, 道家謂因修道而能全家昇天成仙。丨董璋 (?-, 五代時人。初 後梁驍將, 纍遷刺史。後梁亡, 事後唐為汾州留後。同光三年  伐前蜀, 以璋為行營右廂馬步都虞候, 平蜀後為劍南東川節度副大使, 知節度事。天成初加檢校太傅, 天成二年  加同平章事。長興元年  加檢校太尉。時孟知祥鎮西川, 璋與連謀以反, 尋有間, 率兵攻知祥, 為其所敗, 前陵州刺史王暉殺之。"
period_后唐_清泰,清泰,"{""start"": 934, ""end"": 936}",后唐,《益州名画录》,能格下品七人,"盤車, 即水磨。唐代時即有《盤車圖》的繪製, 《新唐書·藝文志》記開元時尊萼繪有《盤車圖》。《宣和畫譜》載徽宗御府藏唐尹繼昭“《盤車圖》二”, 五代衛賢“《閘口盤車圖》一”“《雲岡盤車圖》一”“《盤車圖》二”。《中興館閣錄》載南宋御府藏唐王維, 韓滉《盤車圖》各一。此外, 李《德隅齋畫品》記他曾見郭忠恕清泰元年作“《盤車圖》粉本水磨大圖”。上海博物館藏五代佚名《閘口盤車圖》, 完整地表現了篩糧, 送糧, 盤車磨糧, 官員登記, 入倉的全過程。此外, 山西繁峙巖山寺東壁存金代繪製的盤車的圖像, 相對上海博物館藏圖而言, 盤車的設計更為複雜。"
period_后蜀_明德,明德,"{""start"": 934, ""end"": 937}",后蜀,《益州名画录》,妙格下品十一人丨能格下品七人丨能格中品五人,"孟知祥-, 字保裔, 一作保胤, 邢州龍岡(今河北邢臺) 人, 後蜀創建者。晉王李克用以弟女妻之, 以為左教練使。後唐莊宗時授太原尹。後唐滅前蜀, 拜成都尹、劍南西川節度副大使、知節度事。明宗立, 知祥割據一方, 有王蜀之志。時董璋作鎮東川, 亦有雄踞之意。朝廷令夏魯奇鎮遂州, 李仁矩鎮閬州, 授密旨令制禦兩川。董璋覺之, 乃與知祥通好, 結為婚家, 以固輔車之勢。知祥與璋協謀, 令璋取閬州, 自取遂州。長興三年, 知祥又破董璋, 乃自領東、西川節度使。明宗以兩川之重, 屈意招撫, 冊封蜀王。閔帝應順元年 稱帝, 國號蜀, 改元明德。閉關自守, 免除苛稅, 興修水利, 招募流亡。丨張玫, 成都人也。父授蜀翰林寫貌待詔, 賜緋。玫有超父之藝, 尤精寫貌及畫婦人, 鉛華 姿態, 綽有餘妍, 議者比之張萱 之儔 也。孟先主明德年, 於大聖慈寺三學院置真堂, 玫曾與故東川 董太尉（璋） 寫真, 先主惡之, 不為寫己。乃命阮知誨獨寫己真, 文武臣僚, 玫之筆也。（今并塗抹, 無畫蹤矣。）授翰林待詔, 賜紫金魚袋。玫有《自漢至唐治蜀君臣像》三卷。丨敬安, 子瓌子也。美繼父蹤, 妙於佛像。今大聖慈寺普賢閣下《北方天王》、三學院羅漢閣下《無量壽尊》, 並敬安筆。蜀城寺院敬安父子圖畫佛像、羅漢甚衆, 蜀偏霸時, 江吳商賈入蜀, 多請其畫, 將歸本道。孟氏明德年, 授翰林待詔, 賜金魚袋。丨本書“張玫傳”記“孟先主明德年, 於大聖慈寺三學院置真堂”。丨相》, 刁光胤《花雀》, 李文才《西天三藏真》《定惠國師真》, 杜措《太子捨身喂餓虎》《善惠仙人布髮掩泥》, 杜敬安《無量壽尊》, 僧楚安《後明皇帝幸華清宮避暑圖》, 僧惠堅《姑蘇臺》, 僧令宗《天王像》, 童益《楞伽經變相》, 等。後蜀高祖孟知祥明德元年在三學院內置真堂, 命阮知誨寫已真, 張玫寫文武臣僚真。丨趙庭隱(?—, 五代時開封人, 一作太原人。初仕梁為裨將, 隨孟知祥入西川, 勇而有智略, 積功至檢校司空, 守漢州刺史, 充左廂馬步兵都指揮使。敗石敬瑭, 拒董璋, 授保寧軍留後。後蜀高祖明德元年, 充左匡聖步軍都指揮使。高祖病, 受遺詔輔政。後主立, 加兼侍中, 為六軍副使, 又晉秩太傅。一度致仕, 廢於家。官至太師、中書令, 封宋王。卒謚忠武。丨趙忠義者, 德玄子也。德玄自雍 襁負 入蜀, 及長, 習父之藝, 宛若生知。孟氏明德年, 與父同手畫福慶禪院東流傳變相 一十三堵, 位置鋪舒, 樓殿臺閣, 山水竹樹, 蕃漢服飾, 佛像僧道, 車馬鬼神, 王公冠冕, 旌旗法物, 皆盡其妙, 冠絕當時。蜀王 知忠義妙於鬼神屋木, 遂令畫《關將軍起玉泉寺圖》。於是忠義畫自運材斸基, 以至丹楹刻桷, 皆役 鬼神。疊栱下榻, 地𣕧一坐, 佛殿將欲起立。 蜀王令內作都料 看此畫圖, 枋栱有準的否? 都料對曰: “此畫復較 一座, 分明無欠。” 其妙如此。授翰林待詔, 賜紫金魚袋。先是每年杪冬 末旬, 翰林攻畫鬼神者例進《鍾馗》 焉。丙辰歲, 忠義進 《鍾馗》, 以第二指挑鬼眼睛; 蒲師訓進 《鍾馗》, 以母 指剜鬼睛。二人《鍾馗》相似, 唯一指不同, 蜀王問此畫孰為優劣? 筌以師訓為優。蜀王曰: “師訓力在母指, 忠義力在第二 指, 二人筆力相敵, 難議昇降。” 並厚賜金帛。時人謂蜀王深鑒其畫矣。 今衙北門大安樓下天王院, 自濮陽 吳公（行曾） 鎮蜀之日創興, 其中有唐時名畫數堵, 及高道興、杜 齯龜、房從真、趙德齊畫佛像、羅漢、經驗、變相。廣政初, 忠義與黃筌、蒲師訓合手畫天王、變相十堵以來, 各盡所能, 愈於前輩。淳化五年甲午, 兵火焚盡, 今餘王蜀先主祠堂正門西畔《神鬼》、大聖慈寺正門北牆上《西域記》 石經院後殿《天王變相》、中寺六祖院傍《藥師經變相》, 並忠義筆, 見存。丨阮知誨者, 成都人也。攻畫女郎, 筆蹤妍麗, 及 善寫真。王氏乾德年, 寫《少主真》於大聖慈寺三學院經樓下。孟氏明德年, 寫《先主真》於三學院真堂內, 寫《福慶公主 真》《玉清公主真》於內庭 。知誨兩朝多寫皇姑帝戚, 渥澤纍遷, 授翰林待詔、銀青光祿大夫 、檢校尚書左僕射, 兼御史大夫 、上柱國。"
period_宋_乾德,乾德,"{""start"": 963, ""end"": 968}",宋,《益州名画录》,妙格下品十一人丨能格下品七人丨能格中品五人,"《益州名畫録》三卷,右皇朝黃休復纂。唐乾符初至宋乾德歲, 休復在蜀中,目擊圖畫之精者五十八人,品以四格雲。丨《益州名畫録》三卷,宋黃休復撰。前有景德三年李畋序,稱江夏黃氏休復,字歸本,通春秋學,校左氏公穀書,鬻丹養親,遊心顧陸之藝,深得厥趣。考休復別有《茅亭客話》,陳振孫《書録解題》亦不詳其里貫,但以所言多蜀事,又嘗著《成都名畫記》,疑為蜀人,則此書一名《成都名畫記》。而舊本與《茅亭客話》皆未題里貫,故振孫云:“然今本皆題江夏人,疑後人以畋序補書歟。”然畋序作於宋初,或沿唐五代餘習題黃氏郡望亦未可知,未必果生於是地也。所記凡五十八人,起唐乾元,迄宋乾德,品以四格:日逸、曰神、日妙、日能。其四格之目,雖因唐朱景元之舊,而景元置逸品於三品外,示三品不能伍。休復此書,又躋逸品於三品上,明三品不能先,其次序又復小殊。逸格凡一人;神格凡二人;妙格上品凡七人,中品凡十人,下品凡十一人,而寫真二十二處,無姓名者附焉;能格上品凡十五人,中品凡五人,下品凡七人,而有畫無名、有名無畫者附焉。其大慈寺六祖院羅漢閣圖畫,休復評妙格中品,而列能品之末,不與寫真二十二處一例,非妙字誤刊,則編次時偶疎也。畋序又稱:“益都自唐二帝播越,諸侯作鎮,畫藝之傑者多從遊而來。”故是編所集,皆取其事跡之係乎蜀者,而不盡為蜀產。丨《益州名畫録》三卷,成都黃休復纂。自唐乾元初,至宋乾德歲,録其圖畫之精者五十八人,品以四格。丨《益州名畫録》三卷,鼂氏曰:“皇朝黃休復纂。唐乾初至宋乾德歲,休復在蜀中,自☐圖畫之精者五十八人,品以四格。”陳氏曰:“《中興書目》以為李略撰,而謂休復書今亡。按,此書有景祐三年序,不著名氏,而取休復所録明甚。又有休復自為後序,則固未嘗亡也。未知題李略者,與此同異。”丨乾德三年, 北宋太祖趙匡胤年號, 965 年。丨乾德三年正月, 蜀主孟昶降。丨乾德乃北宋太祖年號, 乾德元年即 963 年, 此時後蜀尚存, 為廣政二十六年, 石恪不可能寫乾德年號。丨乾德二年十一月, 宋分兩路伐蜀。丨乾德二年十一月, 宋太祖趙匡胤命忠武軍節度使王全斌, 江寧軍節度使劉光義分別為西川行營前軍兵馬都部署, 副都部署, 領步騎五萬討伐後蜀, 乾德三年正月蜀主孟昶降。丨乾德四年, 北宋太祖年號, 966年。丨乾德歲, 北宋太祖趙匡胤年號, 963—968 年。丨大凡觀畫而神會者鮮矣, 不過視其形似, 其或洞達氣韻, 超出端倪, 用筆精緻, 不謂之功; 傅採炳縟, 不謂之麗。觀乎象而忘象, 意先自然, 始可品繪工於彀中, 揖畫聖於方外, 有造物者思, 唯是得之。江夏黃氏休復, 字歸本, 通《春秋》學, 校《左氏》《公》《穀》書。暨摭百家之說, 鬻丹養親, 行達於世, 恬如也。加以遊心顧、陸之藝, 深得厥趣。居常以魏晉之奇蹤, 隋唐之懿跡, 盈縑溢帙, 類而珍之。適值博雅之士, 款扉求見, 則敞茅屋, 拂榻塵, 架而陳之, 娛賓賞心, 萬虞一泯。及其僧舍道居, 靡不往而玩之, 環歲忘惓。蓋益都多名畫, 富視他郡, 謂唐二帝播越及諸侯作鎮之秋, 是時畫藝之傑者, 遊從而來, 故其標格楷模, 無處不有。聖朝伐蜀之日, 若升堂邑, 彼廨宇寺觀, 前輩名畫, 纖悉無圮者。迨淳化甲午歲, 盜發二川, 焚劫略盡。則墻壁之繪, 甚乎剝廬; 家祕之寶, 散如決水。今可覿者, 十二三焉。噫, 好事者為之幾鬱矣! 黃氏心鬱久之, 又能筆之書, 存録之也。故自李唐乾元初, 至皇宋乾德歲, 其間圖畫之尤精, 取其目所擊者五十八人,品以四格, 離為三丨少主, 即孟昶—, 字保元, 初名仁贊。孟知祥第三子。知祥為兩川節度使, 昶  行軍司馬。及知祥稱帝, 以昶為東川節度使、同中書門下平章事。知祥病, 嘗監國。知祥卒, 即帝位。初即位時, 年少不知政事, 將相大臣皆知祥故人, 知祥寬厚, 多優縱之。大將軍李仁罕恃功驕橫, 昶於明堂執殺之, 滿堂懾服。又取秦、鳳、階、成四州, 盡有前蜀之地。在位三十年, 適逢中原多故, 以據險無事, 遂奢侈淫靡。宋太祖乾德三年 降, 俘至京師, 授檢校太師兼中書令, 封秦國公, 七日而卒, 追封楚王。丨畫右題: “乾德改元八月八日西蜀石恪寫《二祖調心圖》。”丨道士張素卿者, 簡州人也。少孤貧, 性好畫, 在川主譙國夏侯公（孜）宅, 多見隋唐名畫。藝成之後, 落拓無羈束, 遂衣道士服。唯畫道門尊像, 豪貴之家, 少得其畫者。乾符中, 居青城山常道觀焚修。至中和元年, 僖宗皇帝遣使與賜紫道士杜光庭, 封丈人山為希夷公。癸卯歲, 素卿上表云: “五岳既已封王, 丈人位居五岳之上, 不可稱公。”是歲勅宜改封五嶽丈人為希夷真君, 素卿賜紫。素卿有《老子過流沙圖》《五岳朝真圖》《九皇圖》《五星圖》《老人星圖》《二十四化真人像》《太無先生像》。素卿於諸圖畫而能敏速, 落錐之後, 下筆如神, 自始及終, 更無改正。今龍興觀甚有畫壁, 年深皆盡頹損, 餘張百子堂板龕內門兩畔《龍虎》兩軀, 素卿筆, 見存。王蜀先主修青城山丈人觀, 請素卿於丈人真君殿上畫五岳四瀆、十二溪女、山林溪沼樹木諸神, 及岳瀆曹吏, 詭怪之質, 生於筆端, 上殿觀者, 無不恐懼。又於簡州開元觀畫容成子、董仲舒、嚴君平、李阿、馬自然、葛玄、長壽仙、黃初平、葛永璝、竇子明、左慈、蘇耽十二仙君像, 各寫當初賣卜、賈藥、書符、導引時真。筆蹤灑落, 彩畫因循, 當代名流, 皆推畫手。蜀檢校太傅安公（思謙）, 好古博雅, 唐時名畫, 人皆獻之。黃筌、滕昌祐、石恪皆在其門館, 賓禮優厚。甲寅歲十一月十一日, 值蜀主誕生之辰, 安公進素卿所畫《十二仙真形》十二幀。蜀主耽玩歎賞者久, 因命翰林學士禮部侍郎歐陽炯次第贊之, 令翰林待詔黃居寶八分書題之。凡有醮奏, 於玉局開懸供養。乾德三年, 聖朝克復, 吏部丨道士李壽儀者, 邛州依政人也。壯年慕道, 於本縣有德觀為道士。齋醮之外, 專精畫業, 人呼為“李水墨”, 多畫道門尊像。往來青城山丈人觀, 宗師張素卿筆法, 每點簇五嶽四瀆部屬, 歸家習學之, 如此數年。簡州開元觀有張素卿畫《十二仙君》一堂（乾德四年）遭火所焚, 廣政中壽儀往彼焚香齋潔模寫, 將歸邛州天師觀西院上畫其壁, 但窮精粹, 筆力因於素卿, 神彩氣運, 有過時流, 一堂六堵, 見存。丨阮知誨者, 成都人也。攻畫女郎, 筆蹤妍麗, 及 善寫真。王氏乾德年, 寫《少主真》於大聖慈寺三學院經樓下。孟氏明德年, 寫《先主真》於三學院真堂內, 寫《福慶公主 真》《玉清公主真》於內庭 。知誨兩朝多寫皇姑帝戚, 渥澤纍遷, 授翰林待詔、銀青光祿大夫 、檢校尚書左僕射, 兼御史大夫 、上柱國。"
period_宋_端拱,端拱,"{""start"": 988, ""end"": 989}",宋,《益州名画录》,,"益都, 即益州, 大部在今四川省境內。漢武帝時置益州, 三國蜀於益州分置梓潼等五郡, 三國魏至南朝齊皆分置益州為梁, 益二州。隋開皇初廢, 大業初復罷州為蜀郡。唐改為益州, 後置大都督府及劍南節度於此, 玄宗天寶初改為蜀郡, 肅宗至德初改爲成都府, 又升爲南京。尋罷, 後復於此置劍南西川節度。五代時王氏, 孟氏相繼據其地。宋益州路, 端拱初改為成都。"
period_宋_淳化,淳化,"{""start"": 990, ""end"": 994}",宋,《益州名画录》,妙格下品十一人丨能格下品七人丨能格中品五人,"二川, 唐劍南道分東, 西二川, 故稱。盜發二川, 指李順領導的農民起義軍攻陷二川。北宋太宗淳化四年二月, 永康軍青城縣王小波聚眾起義, 殺眉州彭山縣令齊元振。丨十二月, 王小波與西川都巡檢使張玘戰於江原縣, 張玘戰死, 王小波亦中流矢而死, 眾推李順為帥。淳化五年正月, 李順相繼陷漢州, 成都。二月, 官軍破李順於劍州, 相繼復綿, 閬, 巴, 劍諸州, 五月復成都, 擒李順。張餘復攻陷嘉、戎、瀘、渝、涪、忠、萬、開八州, 其後直到至道二年張餘被斬首, 叛亂才全部被平息。丨在聖興寺塑像、繪製壁畫的藝術家有: 唐懿宗咸通年, 範瓊在大殿繪《東、北二方天王》《藥師十二神》《釋迦十弟子》《彌勒像》《大悲變相》, 在該寺另畫有《西方變》《焉芻瑟磨像》《高僧像》等。唐末張騰在該寺繪製過壁畫。前蜀武成中（909）天王院雍中本塑、楊元真妝《天王及部屬》《熾盛光佛》《九曜二十八宿》。北宋太宗淳化四年（993）黃居寀在新禪院畫《龍水》《天台山圖》《水石》。丨大凡觀畫而神會者鮮矣, 不過視其形似, 其或洞達氣韻, 超出端倪, 用筆精緻, 不謂之功; 傅採炳縟, 不謂之麗。觀乎象而忘象, 意先自然, 始可品繪工於彀中, 揖畫聖於方外, 有造物者思, 唯是得之。江夏黃氏休復, 字歸本, 通《春秋》學, 校《左氏》《公》《穀》書。暨摭百家之說, 鬻丹養親, 行達於世, 恬如也。加以遊心顧、陸之藝, 深得厥趣。居常以魏晉之奇蹤, 隋唐之懿跡, 盈縑溢帙, 類而珍之。適值博雅之士, 款扉求見, 則敞茅屋, 拂榻塵, 架而陳之, 娛賓賞心, 萬虞一泯。及其僧舍道居, 靡不往而玩之, 環歲忘惓。蓋益都多名畫, 富視他郡, 謂唐二帝播越及諸侯作鎮之秋, 是時畫藝之傑者, 遊從而來, 故其標格楷模, 無處不有。聖朝伐蜀之日, 若升堂邑, 彼廨宇寺觀, 前輩名畫, 纖悉無圮者。迨淳化甲午歲, 盜發二川, 焚劫略盡。則墻壁之繪, 甚乎剝廬; 家祕之寶, 散如決水。今可覿者, 十二三焉。噫, 好事者為之幾鬱矣! 黃氏心鬱久之, 又能筆之書, 存録之也。故自李唐乾元初, 至皇宋乾德歲, 其間圖畫之尤精, 取其目所擊者五十八人,品以四格, 離為三丨浣花龍興寺。《成都記》云: “本正覺寺, 內有前益州長史臨淮武公（元衡）並從事五人, 具朝服, 繪於中堂。” 淳化五年兵火後, 無畫蹤矣。丨淳化五年, 北宋太宗趙炅年號, 994年。丨淳化五年甲午, 宋太宗趙炅年號, 994 年。丨淳化四年, 北宋太宗趙炅年號, 993 年。丨淳化年, 北宋太宗趙炅年號, 990 994 年。丨淳化甲午歲, 北宋太宗趙炅淳化五年, 994 年。丨甲午歲, 後蜀孟昶廣政年無甲午歲, 離廣政年最近的甲午歲為北宋太宗趙炅淳化五年 。丨畫, 蜀主令取在庫《秋山圖》入角。居寀與父奉命別畫, 經月方畢工, 更愈於前者。翰林學士徐光溥 進《〈秋山圖〉歌》以紀之。廣政甲子歲, 蜀王令居寀往葛仙山, 修蓋仙化。回至彭州, 棲 真南軒, 畫《水石》一堵, 自未至酉 而畢, 敏而復妙者也, 今見存。居寀有《四時野景圖》《湖灘水石圖》《春田放牧圖》, 當時卿相及好事者, 得居寀子父圖障卷簇, 家藏戶寶, 為稀 世之珍。今衙廳餘《理毛、啄苔鶴》兩堵、《水石》兩堵、《龍門圖》一堵, 武侯廟《龍水》一堵, 並居寀筆, 見存。聖朝克蜀之後, 居寀赴京, 頗為翰長 陶尚書穀 殊禮相見, 因收得名畫數件, 請居寀驗 之。其中《秋山》一圖, 是故主 淮南國信者, 畫絹縫 之內自有銜名。陶公云: “此是淮王 所遺。” 看之, 果符其說。聖朝授翰林待詔、朝請大夫、寺丞 上柱國, 賜紫金魚袋。淳化四年, 充成都府一路送衣襖使, 時齒 六十一, 於聖興寺新禪院畫《龍水》一堵、《天台山 圖》一堵、《水石》兩堵, 工夫雖少, 大體宛存。丨範瓊者, 不知何許人也。開成年與陳皓、彭堅同時同藝, 寓居蜀城。三人善畫人物、佛像、天王、羅漢、鬼神, 三人同手於諸寺圖畫佛像甚多。會昌年除毀後, 餘大聖慈一寺佛像得存。洎宣宗皇帝再興佛寺, 三人於聖壽寺、聖興寺、净衆寺、中興寺, 自大中至乾符, 筆無暫釋, 圖畫二百餘間牆壁, 天王、佛像、高僧、經驗及諸變相, 名目雖同, 形狀一無同者。自淳化五年、咸平三年, 兩遇兵火, 得存三寺筆蹤。大聖慈南廊下《藥☐大將》《和修吉龍王》《鬼子母》《天女》五堵, 謂之“十七護神”; 北廊下石經院門《兩金剛》《東、西二方天王》; 中寺大悲院門上《阿彌陀佛》及《四菩薩》; 院門兩畔《觀音像》《藥師像》; 石經板上《七佛》《四仙人》《大悲變相》; 大將堂兩畔《南、北二方天王》; 文殊閣下《北方天王》及《天王變相》。此寺畫壁, 自唐至今, 年紀深遠, 彩色故暗, 重粧損者十四五矣。聖壽寺大殿《釋伽像》《行道北方天丨至孟蜀時被人模搨, 竊換真本, 鬻與荊湖人去, 今所存僞本耳。（僞本淳化年遭賊劫, 已皆散失。）丨趙忠義者, 德玄子也。德玄自雍 襁負 入蜀, 及長, 習父之藝, 宛若生知。孟氏明德年, 與父同手畫福慶禪院東流傳變相 一十三堵, 位置鋪舒, 樓殿臺閣, 山水竹樹, 蕃漢服飾, 佛像僧道, 車馬鬼神, 王公冠冕, 旌旗法物, 皆盡其妙, 冠絕當時。蜀王 知忠義妙於鬼神屋木, 遂令畫《關將軍起玉泉寺圖》。於是忠義畫自運材斸基, 以至丹楹刻桷, 皆役 鬼神。疊栱下榻, 地𣕧一坐, 佛殿將欲起立。 蜀王令內作都料 看此畫圖, 枋栱有準的否? 都料對曰: “此畫復較 一座, 分明無欠。” 其妙如此。授翰林待詔, 賜紫金魚袋。先是每年杪冬 末旬, 翰林攻畫鬼神者例進《鍾馗》 焉。丙辰歲, 忠義進 《鍾馗》, 以第二指挑鬼眼睛; 蒲師訓進 《鍾馗》, 以母 指剜鬼睛。二人《鍾馗》相似, 唯一指不同, 蜀王問此畫孰為優劣? 筌以師訓為優。蜀王曰: “師訓力在母指, 忠義力在第二 指, 二人筆力相敵, 難議昇降。” 並厚賜金帛。時人謂蜀王深鑒其畫矣。 今衙北門大安樓下天王院, 自濮陽 吳公（行曾） 鎮蜀之日創興, 其中有唐時名畫數堵, 及高道興、杜 齯龜、房從真、趙德齊畫佛像、羅漢、經驗、變相。廣政初, 忠義與黃筌、蒲師訓合手畫天王、變相十堵以來, 各盡所能, 愈於前輩。淳化五年甲午, 兵火焚盡, 今餘王蜀先主祠堂正門西畔《神鬼》、大聖慈寺正門北牆上《西域記》 石經院後殿《天王變相》、中寺六祖院傍《藥師經變相》, 並忠義筆, 見存。"
period_宋_至道,至道,"{""start"": 995, ""end"": 997}",宋,《益州名画录》,妙格下品十一人,"十二月, 王小波與西川都巡檢使張玘戰於江原縣, 張玘戰死, 王小波亦中流矢而死, 眾推李順為帥。淳化五年正月, 李順相繼陷漢州, 成都。二月, 官軍破李順於劍州, 相繼復綿, 閬, 巴, 劍諸州, 五月復成都, 擒李順。張餘復攻陷嘉、戎、瀘、渝、涪、忠、萬、開八州, 其後直到至道二年張餘被斬首, 叛亂才全部被平息。丨明皇, 唐玄宗李隆基謚曰至道大聖大明孝皇帝, 簡稱明皇。"
period_宋_咸平,咸平,"{""start"": 998, ""end"": 1003}",宋,《益州名画录》,能格下品七人,"範瓊者, 不知何許人也。開成年與陳皓、彭堅同時同藝, 寓居蜀城。三人善畫人物、佛像、天王、羅漢、鬼神, 三人同手於諸寺圖畫佛像甚多。會昌年除毀後, 餘大聖慈一寺佛像得存。洎宣宗皇帝再興佛寺, 三人於聖壽寺、聖興寺、净衆寺、中興寺, 自大中至乾符, 筆無暫釋, 圖畫二百餘間牆壁, 天王、佛像、高僧、經驗及諸變相, 名目雖同, 形狀一無同者。自淳化五年、咸平三年, 兩遇兵火, 得存三寺筆蹤。大聖慈南廊下《藥☐大將》《和修吉龍王》《鬼子母》《天女》五堵, 謂之“十七護神”; 北廊下石經院門《兩金剛》《東、西二方天王》; 中寺大悲院門上《阿彌陀佛》及《四菩薩》; 院門兩畔《觀音像》《藥師像》; 石經板上《七佛》《四仙人》《大悲變相》; 大將堂兩畔《南、北二方天王》; 文殊閣下《北方天王》及《天王變相》。此寺畫壁, 自唐至今, 年紀深遠, 彩色故暗, 重粧損者十四五矣。聖壽寺大殿《釋伽像》《行道北方天"
period_宋_景德,景德,"{""start"": 1004, ""end"": 1007}",宋,《益州名画录》,能格下品七人丨能格中品五人,"《益州名畫録》三卷,宋黃休復撰。前有景德三年李畋序,稱江夏黃氏休復,字歸本,通春秋學,校左氏公穀書,鬻丹養親,遊心顧陸之藝,深得厥趣。考休復別有《茅亭客話》,陳振孫《書録解題》亦不詳其里貫,但以所言多蜀事,又嘗著《成都名畫記》,疑為蜀人,則此書一名《成都名畫記》。而舊本與《茅亭客話》皆未題里貫,故振孫云:“然今本皆題江夏人,疑後人以畋序補書歟。”然畋序作於宋初,或沿唐五代餘習題黃氏郡望亦未可知,未必果生於是地也。所記凡五十八人,起唐乾元,迄宋乾德,品以四格:日逸、曰神、日妙、日能。其四格之目,雖因唐朱景元之舊,而景元置逸品於三品外,示三品不能伍。休復此書,又躋逸品於三品上,明三品不能先,其次序又復小殊。逸格凡一人;神格凡二人;妙格上品凡七人,中品凡十人,下品凡十一人,而寫真二十二處,無姓名者附焉;能格上品凡十五人,中品凡五人,下品凡七人,而有畫無名、有名無畫者附焉。其大慈寺六祖院羅漢閣圖畫,休復評妙格中品,而列能品之末,不與寫真二十二處一例,非妙字誤刊,則編次時偶疎也。畋序又稱:“益都自唐二帝播越,諸侯作鎮,畫藝之傑者多從遊而來。”故是編所集,皆取其事跡之係乎蜀者,而不盡為蜀產。丨文淵閣本此處無款, 而是在序尾署“時景德三年五月二十日虞曹外郎致仕李畋序”。虞曹外郎, 官名, 即虞部員外郎。《宋史·職官志》: “虞部郎中 員外郎, 掌山澤、苑囿、場冶之事, 辨其地產而為之厲禁, 凡金、銀、銅、鐵、鉛、錫、鹽、礬, 皆計其所入登耗以詔賞罰。分案四, 置吏七。”致仕, 辭官歸居。李畋, 蜀人。景德元年(1004)與張逵同在昭覺寺學習, 博學、能詩、曉音律, 才識過人, 遊蕩不羈, 與任玠、郭震等為莫逆之交, 同年被知府張詠推薦應試。景德二年(1005)參加殿試, 落第, 大約此後隱居永康軍白沙山, 從之學者甚眾。後由任中正、淩策薦授, 纍歷試校書郎、國子監說書、知泉州惠安縣、知榮州, 以虞部外郎致仕。高壽, 享年九十, 一說八十七。他一生著述頗豐, 《蜀中廣記》記有《李畋文集》一百卷(《宋史》記為十卷)、《歸田録》十卷、《知命録》十卷, 《宋史》另記有《孔子弟子贊傳》六十卷、《乖崖語録》一卷、《蘇耆閑談録》二卷。因該序作於景德三年(1006), 該年為李畋殿試落第後一年, 故知“虞曹外郎致仕”係後加。丨時景德三年五月二十日序。丨景德三年, 北宋真宗趙恆年號, 1006 年。丨考鄧椿《畫繼》,稱“蜀雖僻遠,而畫手獨多於四方。李方叔載德隅齋畫品,蜀筆居半”云云。則休復之詳録益州,非誇飾矣。其書敘述頗古雅,而詩文典故,所載尤詳,非他家畫品泛題高下,無所指據者比也。《書録解題》又稱“《中興書目》以為李畋撰,休復書今亡。此書有景德三年序,不著姓名,而敘休復所録明甚,又有休復自為序,則固未嘗亡也”云云。據其所說,則別本但題李畋之名,不以序文出李畋,今直作畋序,又與宋時本不合,然諸刻本皆作畋序,故從舊本,仍存畋名焉。丨至今宛如初矣, 至今仍然好像新的一樣。盧楞伽《行道高僧》繪於乾元初, “至今”二百五十餘年, 故可推斷出本書完成時間大約是宋真宗大中祥符元年(1008), 本書李畋序寫成於真宗景德三年(1006), 時間大體相合。可推測李畋序完成後, 黃氏對本書又曾有過數年的修改。"
period_宋_大中祥符,大中祥符,"{""start"": 1008, ""end"": 1016}",宋,《益州名画录》,妙格下品十一人丨能格下品七人,"《太上九天延祥滌厄四聖妙經》說他“總三洞五雷之號令, 掌八天九地之權衡。憫造化之樞機, 僚真仙之將吏。無邪不斬, 何鬼敢當”。黑煞信仰五代時已在民間流行。據載, 道士譚紫霄在閩亡後隱於廬山, 有徒百餘人, 他“事黑煞神君, 禹步魁罡, 禁沮鬼魅, 禳祈災福” ([北宋] 馬令《南唐書》卷二十四)。宋初道士張守真言黑煞大將軍奉玉帝敕命乘龍降世, 護衛宋朝, 自己齋戒祈請時, 神靈必降。太宗利用張守真的黑煞言論, 製造輿論, 成功嗣位。其後在終南山修建三清太平宮, 置黑煞殿, 內有塑像、壁畫。每歲三元及誕節、皇帝本命日, 太宗並遣中使致醮。由此, 黑煞上升成為國家信仰得以流行。太宗太平興國六年  敕封為翊聖將軍, 真宗大中祥符七年 (1014) 敕封為翊聖保德真君。 ([北宋] 張君房《雲笈七籤》卷一百零三) 蘇軾《上太平清宮詩》中描述黑煞的形象時說: “祕殿開金鎖, 神人控玉虯。黑衣橫巨劍, 被髮凜雙眸。” 可見太平清宮中的黑煞像披髮圓目, 身着黑衣, 手橫巨劍, 側有虯龍。 ([北宋] 蘇軾《東坡全集》卷一) 元代永樂官三清殿, 毗盧寺後殿四聖像中均有黑煞像。參見李遠國《神霄九帝與北極四聖考辨》, 見《道教思想與中國社會發展進步研討會第二次會議論文集》, 194—203頁, 2003年; 邵軍《從永樂宮壁畫看道教題材的形成與發展》, 見金維諾, 邵軍主編:《中國寺觀壁畫全集2 元代寺觀水陸法會圖》, 廣州: 廣東教育出版社, 2011年。丨北宋真宗大中祥符八年(1015)彭乘《修玉局觀記》: “自東漢權輿, 皇唐崇飾。王氏竊據, 廣其闍, 壞此殿堂, 並為內禁, 尋與府庫, 悉災焚。丨至今宛如初矣, 至今仍然好像新的一樣。盧楞伽《行道高僧》繪於乾元初, “至今”二百五十餘年, 故可推斷出本書完成時間大約是宋真宗大中祥符元年(1008), 本書李畋序寫成於真宗景德三年(1006), 時間大體相合。可推測李畋序完成後, 黃氏對本書又曾有過數年的修改。"
period_life_晚年,晚年,,生命周期,《益州名画录》,妙格下品十一人丨能格下品七人丨能格中品五人,"《西方變相》, 簡稱《西方變》。宣揚西方淨土的佛經主要有《佛說觀無量壽經》《佛說阿彌陀經》和《佛說無量壽經》。敦煌研究院有學者根據畫面所依據的佛經的不同, 將之分為《觀無量壽經變》《阿彌陀經變》和《無量壽經變》。事實上, 我們很難說《西方變》是根據哪一部佛經繪製, 如唐代詩人白居易晚年中風痹之疾後, 曾舍俸錢三萬命工人杜丨丘餘慶, 清王毓賢《繪事備考》卷五中有“丘餘慶傳”, 曰: “丘餘慶, 蜀人, 文播之子。工花竹翎毛, 兼長草蟲。凡設色者, 體其動植。至於草蟲, 則以墨氣淺深映發之, 尤爲精妙。初師滕昌祐, 晚年殆欲勝之。”丨孔嵩者, 一名景, 蜀人也。幼攻花雀, 長 遇刁處士入蜀, 師其筆法。至晚年, 巾裹 衣服, 言論動止, 俱斆刁公。在蜀公侯 門四十餘載, 圖畫甚多, 人皆寶之。黃筌於石牛廟畫《龍》一堵, 黃居寀於諸葛廟畫《龍》一堵, 嵩於廣福院畫《龍》一堵, 蜿蜒怪狀, 不與常同, 逼視 遠觀, 勢欲躩躍, 時人 異 之。此三公畫龍宗師孫位, 位 宗顧愷 之、曹弗興行龍之筆。謝赫《古畫錄》 云: “弗興之筆, 代 不復傳, 秘閣 之內, 一龍而已。”魏赤烏元年 冬十月, （此赤烏是吳太祖 年號, 非魏武帝）。武帝遊青溪, 見一赤龍, 自天而下, 凌波而行, 遂命弗興圖之。武帝讚曰: “赤烏孟冬, 不時 見龍。青溪深澗, 奮鬣來空。有道則吉, 無德則兇。匪 兼雲雨, 靡 帶雷風。弗興畫畢, 未讚奇工。我因披閱, 蘊隆忡忡。”至宋文帝 時, 纍月亢旱, 祈禱無應, 乃取弗興畫龍置於水上, 應時畜水成霧, 經旬 霶霈。其所畫流落人間, 至今相傳。丨張易之(?-, 定州義豐(今河北安國)人。白皙美姿容, 善音律歌詞。萬歲通天二年, 太平公主薦昌宗入侍禁中, 昌宗又薦兄易之, 由是兄弟二人俱侍宮中, 皆傅粉施朱, 衣錦綉服, 頗受寵信, 以至於武氏家族成員都候其門庭, 爭執鞭轡, 呼易之、昌宗為五郎、六郎。易之歷官司衛少卿、控鶴監內供奉、奉宸令、麟臺監, 封恆國公。武則天晚年, 政事多委易之兄弟。丨懷素-785, 一作737—, 字藏真, 俗姓錢, 長沙(今屬湖南)人。唐代書法家。疏放不拘細行。晚年精於翰墨, 草書別創一格, 自稱草書受夏季雲氣湧動、變化萬端的自然氣象的啟發。其書勢若驚蛇走攏, 驟雨狂風, 與張旭齊名, 人稱“顛張狂素”。有《自敘帖》《食魚帖》《苦步帖》等傳世。丨杜光庭-, 字賓聖, 唐末長安(今陝西西安)人, 一說是處州縉雲(今屬浙江)人。懿宗時, 應進士不第, 入天台山為道士。嘗謂道門科教自漢天師、陸修靜撰集以來, 歲月綿邈, 幾將廢墜, 遂考真僞, 條列始末, 著道書多種。僖宗時被召見, 賜以紫服象簡, 應制為道門領袖。後避難入蜀, 前蜀王衍任為諫議大夫, 賜號廣成先生。後主立, 以之為傳真天師。晚年隱居青城山白雲溪, 號東瀛子。能詩文, 作傳丨貫休為唐末五代人, 晚年居蜀, 他所說的“如畫冷朝陽”可能即房從真所畫的《冷朝陽, 王昌齡, 常建冒雪入京圖》。丨陶隱居, 即陶弘景（456）, 字通明, 南朝齊梁時丹陽秣陵(今江蘇南京市)人。善琴棋, 工草隸。年未弱冠即被薦為齊諸王侍讀。永明十年（492）, 辭官隱居於句容句曲山, 自號華陽隱居。因佐蕭衍建立梁朝, 參與機密, 時謂山中宰相。卒謚貞白先生。一生著述頗豐, 著有《夢記》《帝代年曆》《本草經集註》《肘後百一方》等。亦爲道教的重要人物, 據載, 十歲時得葛洪《神仙傳》, 晝夜研尋, 遂有養生之志。華陽隱居後始從東陽孫遊嶽受符圖經法, 遍訪名山, 尋求仙藥, 著有《真靈位業圖》《真誥》等道教典籍。晚年受佛教五大戒, 主張儒道釋三教合流。丨顏真卿-, 字清臣, 顏師古五世從孫。祖籍琅琊(今山東), 京兆萬年(今陝西西安)人。開元二十二年進士, 擢武部員外郎。安祿山叛亂, 約從兄常山太守顏杲卿等起兵抵抗, 響應者, 共推為盟主。肅宗立, 為河北招討使。歷遷尚書右丞、吏部尚書、太子太師, 封魯郡公, 人稱顏魯公。擅楷、行書, 以大楷著稱, 其正書筆畫求橫平豎直, 豐腴雄強, 結體寬博大度, 字字謹嚴, 與柳公權合稱“顔筋柳骨”。楷書代表作品早期有《東方畫贊碑》, 成熟期有《中興頌》, 晚年期有《顏家廟碑》等。丨黃休復, 字歸本, 江夏(今湖北江夏)人, 主要生活在蜀地。大約生於 947 年, 天禧二年(1018)尚在人世。從本書李畋序及黃休復的另一本書《茅亭客話》的相關記載來看, 黃休復儒道兼修, 晚年更趨於崇道。鬻丹是其生活來源之一, 養生, 服食, 煉丹及神仙之事是他最大的愛好, 興趣, 與禪僧道士往來, 對佛理似無太大興趣。喜好收藏, 品鑒繪畫, 尤其是道釋畫。"
