cv_id,person_ref,entry_mode,official_title,rank,tenure,location_ref,time_ref,event_type,source_book,source_chapter,original_source_sentence
cv_王瓘_ca7a,meso_王瓘,应召,,,period_song,汴京,period_song,恩遇,《圣朝名画评》,卷一·人物门,末年，石中令以禮召瓘畫昭報寺廊壁，厚酬金幣(今西京石家寺壁見在)
cv_王靄_17e0,meso_王靄,,翰林待詔,,period_song,,period_song,任官,《圣朝名画评》,卷一·人物门,後使江表，潛寫宋齊丘、韓熙載、林仁肇的畫像，稱旨，改翰林待詔
cv_王靄_fbad,meso_王靄,,待詔,,period_song,,period_song,任官,《圣朝名画评》,卷一·人物门,而本書稱歸後即為待詔
cv_王靄_1ddc,meso_王靄,,丞相,,period_song,,period_song,任官,《圣朝名画评》,卷一·人物门,南唐烈祖建國以為左丞相，遷司空
cv_王靄_f4f6,meso_王靄,,平章事,,period_song,,period_song,任官,《圣朝名画评》,卷一·人物门,歷任吳國和南唐左、右僕射平章事(宰相)，晚年隱居九華山
cv_王靄_3363,meso_王靄,,僕射,,period_song,,period_song,任官,《圣朝名画评》,卷一·人物门,歷任吳國和南唐左、右僕射平章事(宰相)，晚年隱居九華山
cv_王靄_a0e7,meso_王靄,,中書侍郎,,period_song,,period_song,任官,《圣朝名画评》,卷一·人物门,韓熙載，南唐大臣，累官至中書侍郎、光政殿學士承旨
cv_王靄_3d68,meso_王靄,,學士,,period_song,,period_song,任官,《圣朝名画评》,卷一·人物门,韓熙載，南唐大臣，累官至中書侍郎、光政殿學士承旨
cv_王靄_4c29,meso_王靄,,翰林待詔,,period_song,,period_song,任官,《圣朝名画评》,卷一·人物门,朱梁時以為翰林待詔
cv_王靄_28cd,meso_王靄,,待詔,,period_song,,period_song,任官,《圣朝名画评》,卷一·人物门,至宋有天下，放靄還國，復為待詔
cv_王靄_1092,meso_王靄,,祗候,,period_song,,period_song,任官,《圣朝名画评》,卷一·人物门,晉末與王仁壽皆為契丹所掠，太祖受禪放還，授圖畫院祗候
cv_王靄_224b,meso_王靄,,翰林待詔,,period_song,,period_song,任官,《圣朝名画评》,卷一·人物门,遂使江表，潛寫宋齊丘、韓熙載、林仁肇真，稱旨，改翰林待詔
cv_趙光輔_48bf,meso_趙光輔,,待詔,,雍熙元年,,period_song,任官,《圣朝名画评》,卷二·畜獸门,聖朝名畫評，卷一《宋會要輯稿職官》三六之一○六：“翰林圖畫院，雍熙元年置，在內中苑東門裏………………待詔等舊無定員，今待詔三人、藝學六人、祇候四人、學生四十人為額
cv_趙光輔_e7ad,meso_趙光輔,,學生,,雍熙元年,,period_song,任官,《圣朝名画评》,卷二·畜獸门,聖朝名畫評，卷一《宋會要輯稿職官》三六之一○六：“翰林圖畫院，雍熙元年置，在內中苑東門裏………………待詔等舊無定員，今待詔三人、藝學六人、祇候四人、學生四十人為額
cv_趙光輔_22e1,meso_趙光輔,,藝學,,雍熙元年,,period_song,任官,《圣朝名画评》,卷二·畜獸门,聖朝名畫評，卷一《宋會要輯稿職官》三六之一○六：“翰林圖畫院，雍熙元年置，在內中苑東門裏………………待詔等舊無定員，今待詔三人、藝學六人、祇候四人、學生四十人為額
cv_趙光輔_43ac,meso_趙光輔,,待詔,,period_song,,period_song,任官,《圣朝名画评》,卷二·畜獸门,又《聖朝名畫評卷三花竹翎毛門·夏侯延祐》雲：“仕孟昶為待詔
cv_趙光輔_24e3,meso_趙光輔,,圖畫院藝學,,period_song,,period_song,任官,《圣朝名画评》,卷二·畜獸门,後隨昶至京師，得圖畫院藝學
cv_趙光輔_03cb,meso_趙光輔,,待詔,,period_song,,period_song,任官,《圣朝名画评》,卷二·畜獸门,“學生”應是畫院中最低一級的職務，《宋會要輯稿·職官》三六之一○七：“熙寧二年十一月三日，翰林圖畫院祗候杜用德等言：待詔等本不遞遷
cv_趙光輔_c57a,meso_趙光輔,,祗候,,period_song,,period_song,任官,《圣朝名画评》,卷二·畜獸门,“學生”應是畫院中最低一級的職務，《宋會要輯稿·職官》三六之一○七：“熙寧二年十一月三日，翰林圖畫院祗候杜用德等言：待詔等本不遞遷
cv_趙光輔_9a28,meso_趙光輔,,學生,,period_song,,period_song,任官,《圣朝名画评》,卷二·畜獸门,“學生”應是畫院中最低一級的職務，《宋會要輯稿·職官》三六之一○七：“熙寧二年十一月三日，翰林圖畫院祗候杜用德等言：待詔等本不遞遷
cv_趙光輔_b38a,meso_趙光輔,,學生,,period_song,,period_song,任官,《圣朝名画评》,卷二·畜獸门,欲乞將本院學生四十人，立定第一等、第二等各十人為額，第三等二十人，遇有關，即從上名下次挨排填闕
cv_趙光輔_1054,meso_趙光輔,,祗候,,period_song,,period_song,任官,《圣朝名画评》,卷二·畜獸门,所有祗候，亦乞將今來四人為額，候有關，於學生內撥填
cv_趙光輔_15e4,meso_趙光輔,,學生,,period_song,,period_song,任官,《圣朝名画评》,卷二·畜獸门,所有祗候，亦乞將今來四人為額，候有關，於學生內撥填
cv_趙光輔_9829,meso_趙光輔,,待詔,,period_song,,period_song,任官,《圣朝名画评》,卷二·畜獸门,乞自今後將元額本院待詔已下至學生等，有關，即於以次等第內，揀試藝業高低，進呈取旨，充填入額
cv_趙光輔_b6ee,meso_趙光輔,,學生,,period_song,,period_song,任官,《圣朝名画评》,卷二·畜獸门,乞自今後將元額本院待詔已下至學生等，有關，即於以次等第內，揀試藝業高低，進呈取旨，充填入額
cv_趙光輔_3d79,meso_趙光輔,,畫院學生,,period_song,,period_song,任官,《圣朝名画评》,卷二·畜獸门,太宗朝為圖畫院學生
cv_高益_e978,meso_高益,,待詔,,period_song,,period_song,任官,《圣朝名画评》,卷三·鬼神门,上歎賞移刻，遂待詔於圖畫院，敕畫相國寺廊壁
cv_高益_48ca,meso_高益,,,,period_song,今北京,period_song,游历,《圣朝名画评》,卷三·鬼神门,其區域較廣，北至今北京的大興、良鄉，南達今河北的深澤、安平
cv_高益_6c5d,meso_高益,,翰林待詔,,period_song,,period_song,任官,《圣朝名画评》,卷三·鬼神门,未幾太宗龍飛(即登帝位)，孫氏以益所畫搜山圖進上，遂授翰林待詔
cv_高益_5ba7,meso_高益,,尚書,,period_song,,period_song,任官,《圣朝名画评》,卷三·鬼神门,”《尚書》上曾把有文德才藝之古帝王稱為“藝祖”“烈祖”，後遂成為開國皇帝的一種謚號
cv_武宗元_b1aa,meso_武宗元,,員外郎,,period_song,,period_song,任官,《圣朝名画评》,卷一,世業儒，官至虞部員外郎
cv_武宗元_5fd1,meso_武宗元,应召,,,景德末,汴京,period_song,恩遇,《圣朝名画评》,卷一,景德末年，真宗營建玉清昭應官，召天下畫師三千，中選者僅百餘人，分為兩部，武宗元任左部之長
cv_武宗元_8f88,meso_武宗元,,平章事,,景祐二年,,period_song,任官,《圣朝名画评》,卷一,景祐二年(1035)，拜門下侍郎，同中書門下平章事(宰相)
cv_武宗元_5c74,meso_武宗元,,節度,,period_song,,period_song,任官,《圣朝名画评》,卷一,視事一年，罷彰信軍節度，判河陽
cv_武宗元_5444,meso_武宗元,,縣尉,,period_song,,period_song,任官,《圣朝名画评》,卷一,”《宋史·李若谷傳》：“補長社縣尉
cv_武宗元_33fb,meso_武宗元,应召,,,period_song,汴京,period_song,恩遇,《圣朝名画评》,卷一,帝召問，謂對曰：“陛下有天下之富，建一宮奉上帝，且所以祈皇嗣也
cv_武宗元_b27a,meso_武宗元,,尚書,,period_song,,period_song,任官,《圣朝名画评》,卷一,後遷尚書禮部侍郎，進戶部，參知政事，權傾一時
cv_武宗元_febf,meso_武宗元,,戶部,,period_song,,period_song,任官,《圣朝名画评》,卷一,後遷尚書禮部侍郎，進戶部，參知政事，權傾一時
cv_武宗元_e5ac,meso_武宗元,,禮部,,period_song,,period_song,任官,《圣朝名画评》,卷一,後遷尚書禮部侍郎，進戶部，參知政事，權傾一時
cv_武宗元_5435,meso_武宗元,,丞相,,period_song,,period_song,任官,《圣朝名画评》,卷一,父道，與丞相文惠公(隨)為布衣交，將宗元詣之
cv_武宗元_ccc4,meso_武宗元,,員外郎,,period_song,,period_song,任官,《圣朝名画评》,卷一,歷官至虞部員外郎
cv_王齊翰_0e8a,meso_王齊翰,,待詔,,period_song,,period_song,任官,《圣朝名画评》,卷一,後主李煜朝(961-975)為翰林圖畫院待詔
cv_王齊翰_b35a,meso_王齊翰,,待詔,,period_song,,period_song,任官,《圣朝名画评》,卷一,日見加益，仕唐李煜為待詔
cv_王齊翰_9159,meso_王齊翰,,,,period_song,都,period_song,游历,《圣朝名画评》,卷一,元嗣入都，復質於相國寺普滿塔主清教處
cv_王齊翰_554e,meso_王齊翰,,,,period_song,京,period_song,游历,《圣朝名画评》,卷一,開寶末，金陵城陷，有步卒李貴入佛寺中，得齊翰所畫羅漢十六軸，尋商賈劉元嗣以白金二百星購得之，入京師，於一僧處質錢
cv_王齊翰_7be2,meso_王齊翰,,,,period_song,都,period_song,游历,《圣朝名画评》,卷一,“元嗣入都”，四庫本作“元嗣後入都下”
cv_王齊翰_cdce,meso_王齊翰,,同平章事,,period_song,,period_song,任官,《圣朝名画评》,卷一,《宋史·太宗紀》：“徵李重進，(太宗)為大內都部署，加同平章事、行開封尹，再加兼中書令
cv_蒲師訓_e825,meso_蒲師訓,,翰林待詔,,period_song,,period_song,任官,《圣朝名画评》,卷一,事王蜀先主為翰林待詔
cv_蒲師訓_f761,meso_蒲師訓,,,,period_song,京,period_song,游历,《圣朝名画评》,卷一,有《寧王射獵》《陳登所繪》《常建冒雪入京》等圖傳於世
cv_蒲師訓_91ef,meso_蒲師訓,,待詔,,period_song,,period_song,任官,《圣朝名画评》,卷一,仕孟蜀為待詔
cv_蒲師訓_2fbb,meso_蒲師訓,,翰林待詔,,period_song,,period_song,任官,《圣朝名画评》,卷一,"《圖畫見聞志》:“蒲師訓,蜀人,事孟蜀為翰林待詔"
cv_黃筌_e092,meso_黃筌,,尚書,,period_song,,period_song,任官,《圣朝名画评》,卷三,"歷任前蜀、後蜀,官至檢校戶部尚書兼御史大夫"
cv_黃筌_524d,meso_黃筌,,御史,,period_song,,period_song,任官,《圣朝名画评》,卷三,"歷任前蜀、後蜀,官至檢校戶部尚書兼御史大夫"
cv_黃筌_6745,meso_黃筌,,大夫,,period_song,,period_song,任官,《圣朝名画评》,卷三,"歷任前蜀、後蜀,官至檢校戶部尚書兼御史大夫"
cv_黃筌_9a89,meso_黃筌,,檢校,,period_song,,period_song,任官,《圣朝名画评》,卷三,"歷任前蜀、後蜀,官至檢校戶部尚書兼御史大夫"
cv_黃筌_fe17,meso_黃筌,,戶部,,period_song,,period_song,任官,《圣朝名画评》,卷三,"歷任前蜀、後蜀,官至檢校戶部尚書兼御史大夫"
cv_黃筌_62ac,meso_黃筌,,大夫,,period_song,,period_song,任官,《圣朝名画评》,卷三,"入宋,任太子左贊善大夫"
cv_黃筌_5cde,meso_黃筌,,,,period_song,蜀,period_song,游历,《圣朝名画评》,卷三,"刁處士,即刁光胤,唐末避亂入蜀的著名花鳥畫家"
cv_黃筌_e9fd,meso_黃筌,,節度,,period_song,,period_song,任官,《圣朝名画评》,卷三,"孟知祥原為後唐西川節度使,於934年在成都稱帝,國號蜀"
cv_黃筌_09b4,meso_黃筌,,檢校,,period_song,檢校少府,period_song,任官,《圣朝名画评》,卷三,"檢校少府監為散官,與正職並存"
cv_黃筌_5eea,meso_黃筌,,待詔,,period_song,,period_song,任官,《圣朝名画评》,卷三,正職為待詔
cv_黃筌_09f3,meso_黃筌,,,,period_song,京,period_song,游历,《圣朝名画评》,卷三,"如京副使,作為職官,唐代就有"
cv_黃筌_b0db,meso_黃筌,,,,period_song,京,period_song,游历,《圣朝名画评》,卷三,”《五代會要》記為“五坊如京使”
cv_黃筌_1f2b,meso_黃筌,,,,period_song,京,period_song,游历,《圣朝名画评》,卷三,"《職官分紀》載有“如京使副使”,且雲:“五代有如京使,國朝因之"
cv_黃筌_46e7,meso_黃筌,,御史,,period_song,,period_song,任官,《圣朝名画评》,卷三,"《簡明古代職官辭典》對其解釋為:如京使一職,唐代即有,“唐玄宗以御史充任太倉出納使"
cv_黃筌_9860,meso_黃筌,,節度,,period_song,,period_song,任官,《圣朝名画评》,卷三,"對此職,《宋史·職官志》缺少相關的詳細記述,在“武臣三班借職至節度使敘遷之制”中雲:“如京使轉莊宅使"
cv_黃筌_2d87,meso_黃筌,,大夫,,政和二年,,period_song,任官,《圣朝名画评》,卷三,"”政和二年(1112),其階易為武略大夫"
cv_黃筌_1a1a,meso_黃筌,,,,period_song,京,period_song,游历,《圣朝名画评》,卷三,"龔延明在《宋代官制辭典》中對如京使的解釋爲:“北宋前期為諸司正使階之一,位次於洛苑使"
cv_黃筌_ae07,meso_黃筌,,御史,,period_song,,period_song,任官,《圣朝名画评》,卷三,"兼御史大夫是兼官,也無實權"
cv_黃筌_6fc3,meso_黃筌,,大夫,,period_song,,period_song,任官,《圣朝名画评》,卷三,"兼御史大夫是兼官,也無實權"
cv_黃筌_5788,meso_黃筌,,大夫,,period_song,,period_song,任官,《圣朝名画评》,卷三,"睿宗景雲二年,另增左、右贊善大夫各五人,分屬左、右春坊,秩正五品上,掌傳令、諷諫、贊禮儀、教授諸郡王(指太子之子)經籍"
cv_黃筌_158c,meso_黃筌,,待詔,,period_song,,period_song,任官,《圣朝名画评》,卷三,"少聰警多能,與其父同事蜀為待詔"
cv_黃筌_37cf,meso_黃筌,,員外郎,,period_song,,period_song,任官,《圣朝名画评》,卷三,"後累遷水部員外郎,亦工畫花鳥、松石,兼善八分"
cv_黃筌_5a9b,meso_黃筌,,待詔,,period_song,"子昶承襲,遷待詔、檢校少府",period_song,任官,《圣朝名画评》,卷三,"子昶承襲,遷待詔、檢校少府監"
cv_黃筌_ada9,meso_黃筌,,檢校,,period_song,"子昶承襲,遷待詔、檢校少府",period_song,任官,《圣朝名画评》,卷三,"子昶承襲,遷待詔、檢校少府監"
cv_黃筌_4c82,meso_黃筌,,尚書,,period_song,,period_song,任官,《圣朝名画评》,卷三,累加如京副使、檢校戶部尚書兼御史大夫
cv_黃筌_9d48,meso_黃筌,,御史,,period_song,,period_song,任官,《圣朝名画评》,卷三,累加如京副使、檢校戶部尚書兼御史大夫
cv_黃筌_7ca3,meso_黃筌,,大夫,,period_song,,period_song,任官,《圣朝名画评》,卷三,累加如京副使、檢校戶部尚書兼御史大夫
cv_黃筌_ffd6,meso_黃筌,,檢校,,period_song,,period_song,任官,《圣朝名画评》,卷三,累加如京副使、檢校戶部尚書兼御史大夫
cv_黃筌_1edb,meso_黃筌,,戶部,,period_song,,period_song,任官,《圣朝名画评》,卷三,累加如京副使、檢校戶部尚書兼御史大夫
cv_黃筌_c118,meso_黃筌,,大夫,,period_song,,period_song,任官,《圣朝名画评》,卷三,"上真命為太子左贊善大夫,仍厚賜之"
cv_黃筌_b0a5,meso_黃筌,,翰林待詔,,period_song,,period_song,任官,《圣朝名画评》,卷三,"與父同仕後蜀,為翰林待詔"
cv_黃筌_037e,meso_黃筌,,翰林待詔,,period_song,,period_song,任官,《圣朝名画评》,卷三,"入宋仍任翰林待詔,尤得太宗看重,授光祿丞,委以搜訪名畫、鑒定品目"
cv_黃筌_5ab6,meso_黃筌,,光祿丞,,period_song,,period_song,任官,《圣朝名画评》,卷三,"入宋仍任翰林待詔,尤得太宗看重,授光祿丞,委以搜訪名畫、鑒定品目"
cv_黃筌_53c0,meso_黃筌,,中書舍人,,period_song,,period_song,任官,《圣朝名画评》,卷三,"後晉時任著作郎、中書舍人,仕周為翰林學士、兵部侍郎加翰林承旨、吏部侍郎,至宋轉禮部尚書,依舊任翰林承旨,後累加刑、戶二部尚書,卒贈右僕射"
cv_黃筌_cc72,meso_黃筌,,兵部侍郎,,period_song,,period_song,任官,《圣朝名画评》,卷三,"後晉時任著作郎、中書舍人,仕周為翰林學士、兵部侍郎加翰林承旨、吏部侍郎,至宋轉禮部尚書,依舊任翰林承旨,後累加刑、戶二部尚書,卒贈右僕射"
cv_黃筌_ad9f,meso_黃筌,,吏部侍郎,,period_song,,period_song,任官,《圣朝名画评》,卷三,"後晉時任著作郎、中書舍人,仕周為翰林學士、兵部侍郎加翰林承旨、吏部侍郎,至宋轉禮部尚書,依舊任翰林承旨,後累加刑、戶二部尚書,卒贈右僕射"
cv_黃筌_e216,meso_黃筌,,禮部尚書,,period_song,,period_song,任官,《圣朝名画评》,卷三,"後晉時任著作郎、中書舍人,仕周為翰林學士、兵部侍郎加翰林承旨、吏部侍郎,至宋轉禮部尚書,依舊任翰林承旨,後累加刑、戶二部尚書,卒贈右僕射"
cv_黃筌_85c1,meso_黃筌,,著作郎,,period_song,,period_song,任官,《圣朝名画评》,卷三,"後晉時任著作郎、中書舍人,仕周為翰林學士、兵部侍郎加翰林承旨、吏部侍郎,至宋轉禮部尚書,依舊任翰林承旨,後累加刑、戶二部尚書,卒贈右僕射"
cv_黃筌_bccd,meso_黃筌,,僕射,,period_song,,period_song,任官,《圣朝名画评》,卷三,"後晉時任著作郎、中書舍人,仕周為翰林學士、兵部侍郎加翰林承旨、吏部侍郎,至宋轉禮部尚書,依舊任翰林承旨,後累加刑、戶二部尚書,卒贈右僕射"
cv_黃筌_bd77,meso_黃筌,,學士,,period_song,,period_song,任官,《圣朝名画评》,卷三,"後晉時任著作郎、中書舍人,仕周為翰林學士、兵部侍郎加翰林承旨、吏部侍郎,至宋轉禮部尚書,依舊任翰林承旨,後累加刑、戶二部尚書,卒贈右僕射"
cv_黃筌_d7b7,meso_黃筌,,尚書,,period_song,,period_song,任官,《圣朝名画评》,卷三,後世因此多稱之為陶內翰、陶尚書
cv_黃筌_f302,meso_黃筌,,刺史,,period_song,,period_song,任官,《圣朝名画评》,卷三,渥說羣盜能反殺溫等者皆為刺史
cv_黃筌_88df,meso_黃筌,,,,period_song,蜀,period_song,游历,《圣朝名画评》,卷三,"僖宗皇帝車駕在蜀,自京入蜀,號會稽山人"
cv_黃筌_c29a,meso_黃筌,,,,period_song,蜀,period_song,游历,《圣朝名画评》,卷三,"悟達國師自京入蜀,重其高手,請於聖壽寺本院同居數年"
cv_黃筌_f43f,meso_黃筌,应召,,,period_song,汴京,period_song,恩遇,《圣朝名画评》,卷三,"昶甚嗟賞,召其學士歐陽炯作八卦殿畫壁記,仍付史館,以表能事"
cv_黃筌_9cf6,meso_黃筌,,禮部尚書,,period_song,,period_song,任官,《圣朝名画评》,卷三,曾任黃門侍郎、參知機務、太子少保、禮部尚書，後因太平公主與竇懷貞等人密謀政變，事泄被殺
cv_黃筌_58e7,meso_黃筌,,中書舍人,,period_song,,period_song,任官,《圣朝名画评》,卷三,孟知祥鎮蜀僭號，又爲中書舍人
cv_黃筌_05bb,meso_黃筌,,學士,,period_song,,period_song,任官,《圣朝名画评》,卷三,廣政十二年後除翰林學士
cv_黃筌_e035,meso_黃筌,,同平章事,,period_song,,period_song,任官,《圣朝名画评》,卷三,累拜門下侍郎，兼戶部尚書，同平章事，監修國史
cv_黃筌_0b9a,meso_黃筌,,尚書,,period_song,,period_song,任官,《圣朝名画评》,卷三,累拜門下侍郎，兼戶部尚書，同平章事，監修國史
cv_黃筌_460d,meso_黃筌,,戶部,,period_song,,period_song,任官,《圣朝名画评》,卷三,累拜門下侍郎，兼戶部尚書，同平章事，監修國史
cv_黃筌_b63a,meso_黃筌,,學士,,period_song,,period_song,任官,《圣朝名画评》,卷三,後隨孟昶歸寧，歷翰林學士，轉左散騎常侍
cv_黃筌_145a,meso_黃筌,应召,,,period_song,汴京,period_song,恩遇,《圣朝名画评》,卷三,又善長笛，太祖曾召他在偏殿吹奏
cv_黃筌_9012,meso_黃筌,,大夫,,period_song,,period_song,任官,《圣朝名画评》,卷三,真宗時，累拜右諫議大夫
cv_黃居寀_4085,meso_黃居寀,,翰林待詔,,period_song,,period_song,任官,《圣朝名画评》,卷三,"與父同仕後蜀,為翰林待詔"
cv_黃居寀_e24c,meso_黃居寀,,翰林待詔,,period_song,,period_song,任官,《圣朝名画评》,卷三,"入宋仍任翰林待詔,尤得太宗看重,授光祿丞,委以搜訪名畫、鑒定品目"
cv_黃居寀_d39c,meso_黃居寀,,光祿丞,,period_song,,period_song,任官,《圣朝名画评》,卷三,"入宋仍任翰林待詔,尤得太宗看重,授光祿丞,委以搜訪名畫、鑒定品目"
cv_黃居寀_490a,meso_黃居寀,,中書舍人,,period_song,,period_song,任官,《圣朝名画评》,卷三,"後晉時任著作郎、中書舍人,仕周為翰林學士、兵部侍郎加翰林承旨、吏部侍郎,至宋轉禮部尚書,依舊任翰林承旨,後累加刑、戶二部尚書,卒贈右僕射"
cv_黃居寀_bf55,meso_黃居寀,,兵部侍郎,,period_song,,period_song,任官,《圣朝名画评》,卷三,"後晉時任著作郎、中書舍人,仕周為翰林學士、兵部侍郎加翰林承旨、吏部侍郎,至宋轉禮部尚書,依舊任翰林承旨,後累加刑、戶二部尚書,卒贈右僕射"
cv_黃居寀_e102,meso_黃居寀,,吏部侍郎,,period_song,,period_song,任官,《圣朝名画评》,卷三,"後晉時任著作郎、中書舍人,仕周為翰林學士、兵部侍郎加翰林承旨、吏部侍郎,至宋轉禮部尚書,依舊任翰林承旨,後累加刑、戶二部尚書,卒贈右僕射"
cv_黃居寀_a177,meso_黃居寀,,禮部尚書,,period_song,,period_song,任官,《圣朝名画评》,卷三,"後晉時任著作郎、中書舍人,仕周為翰林學士、兵部侍郎加翰林承旨、吏部侍郎,至宋轉禮部尚書,依舊任翰林承旨,後累加刑、戶二部尚書,卒贈右僕射"
cv_黃居寀_16ad,meso_黃居寀,,著作郎,,period_song,,period_song,任官,《圣朝名画评》,卷三,"後晉時任著作郎、中書舍人,仕周為翰林學士、兵部侍郎加翰林承旨、吏部侍郎,至宋轉禮部尚書,依舊任翰林承旨,後累加刑、戶二部尚書,卒贈右僕射"
cv_黃居寀_5e55,meso_黃居寀,,僕射,,period_song,,period_song,任官,《圣朝名画评》,卷三,"後晉時任著作郎、中書舍人,仕周為翰林學士、兵部侍郎加翰林承旨、吏部侍郎,至宋轉禮部尚書,依舊任翰林承旨,後累加刑、戶二部尚書,卒贈右僕射"
cv_黃居寀_a99d,meso_黃居寀,,學士,,period_song,,period_song,任官,《圣朝名画评》,卷三,"後晉時任著作郎、中書舍人,仕周為翰林學士、兵部侍郎加翰林承旨、吏部侍郎,至宋轉禮部尚書,依舊任翰林承旨,後累加刑、戶二部尚書,卒贈右僕射"
cv_黃居寀_0f9f,meso_黃居寀,,尚書,,period_song,,period_song,任官,《圣朝名画评》,卷三,後世因此多稱之為陶內翰、陶尚書
cv_黃居寀_7a79,meso_黃居寀,,刺史,,period_song,,period_song,任官,《圣朝名画评》,卷三,渥說羣盜能反殺溫等者皆為刺史
cv_黃居寀_ea0f,meso_黃居寀,,待詔,,period_song,,period_song,任官,《圣朝名画评》,卷三,亦事孟昶為待詔
cv_孫知微_8671,meso_孫知微,,藝學,,period_song,,period_song,任官,《圣朝名画评》,卷一,"嘗寓青城白侯壩趙村,愛其水竹重深,囂塵不入,冀絕外慮,得專藝學"
cv_周文矩_14df,meso_周文矩,,翰林待詔,,period_song,,period_song,任官,《圣朝名画评》,卷一,"大約活動於南唐中主李璟、後主李煜時期(943—975),後主時任翰林待詔"
cv_周文矩_11a8,meso_周文矩,,待詔,,period_song,,period_song,任官,《圣朝名画评》,卷一,仕李煜為待詔
cv_周文矩_141a,meso_周文矩,,翰林待詔,,period_song,,period_song,任官,《圣朝名画评》,卷一,事僞主李煜為翰林待詔
cv_張昉_6ad8,meso_張昉,应召,,,大中祥符中,汴京,period_song,恩遇,《圣朝名画评》,卷一,"大中祥符中,玉清昭應宮成,召昉畫三清殿天女奏音樂像"
cv_王端_1a17,meso_王端,应召,,,period_song,汴京,period_song,恩遇,《圣朝名画评》,卷三,"真廟晏駕時,召端與畫臣寫其遺像"
cv_勾龍爽_dcab,meso_勾龍爽,,翰林待詔,,period_song,,period_song,任官,《圣朝名画评》,卷一,神宗時為翰林待詔
cv_陳用志_4262,meso_陳用志,,員外郎,,period_song,,period_song,任官,《圣朝名画评》,卷二,屯田員外郎、判度支勾院河南任布言:“明朝不宜以神怪炫愚俗
cv_陳用志_df1f,meso_陳用志,,,,period_song,內都,period_song,游历,《圣朝名画评》,卷二,昭宣使、嘉州防禦使、入內都大管勾祥源觀事張景宗為宣政使
cv_陳用志_179b,meso_陳用志,,都監,,period_song,,period_song,任官,《圣朝名画评》,卷二,內殿崇班皇太子宮都監雷允恭、內殿崇班皇太子宮祇候劉從願並為內殿承製
cv_陳用志_43f7,meso_陳用志,,供奉,,period_song,,period_song,任官,《圣朝名画评》,卷二,"入內東頭供奉官史崇信為內殿崇班,並以祥源觀功畢賞勞也"
cv_陳用志_7c3a,meso_陳用志,,平章事,,period_song,,period_song,任官,《圣朝名画评》,卷二,"天聖五年(1027)進士,歷仕仁、英、神、哲四朝,歷監察御史、河東轉運使、參知政事、同中書門下平章事、樞密使等職,拜太尉,封潞國公"
cv_陳用志_ede8,meso_陳用志,,御史,,period_song,,period_song,任官,《圣朝名画评》,卷二,"天聖五年(1027)進士,歷仕仁、英、神、哲四朝,歷監察御史、河東轉運使、參知政事、同中書門下平章事、樞密使等職,拜太尉,封潞國公"
cv_陳用志_e31d,meso_陳用志,,同平章事,,period_song,"文彥博封潞國公,《宋史·卷三百一十三列傳第七十二》未有具體時間記載:“久之,以河陽三城節度使同平章事、判河南府",period_song,任官,《圣朝名画评》,卷二,"文彥博封潞國公,《宋史·卷三百一十三列傳第七十二》未有具體時間記載:“久之,以河陽三城節度使同平章事、判河南府,封潞國公,改鎮保平、判大名府"
cv_陳用志_ce16,meso_陳用志,,節度,,period_song,"文彥博封潞國公,《宋史·卷三百一十三列傳第七十二》未有具體時間記載:“久之,以河陽三城節度使同平章事、判河南府",period_song,任官,《圣朝名画评》,卷二,"文彥博封潞國公,《宋史·卷三百一十三列傳第七十二》未有具體時間記載:“久之,以河陽三城節度使同平章事、判河南府,封潞國公,改鎮保平、判大名府"
cv_陳用志_b181,meso_陳用志,,同平章事,,period_song,"樞密使、兵部尚書、同平章事宋庠封莒國公,判河南府",period_song,任官,《圣朝名画评》,卷二,"樞密使、兵部尚書、同平章事宋庠封莒國公,判河南府、河陽三城節度使、同平章事文彥博封潞國公"
cv_陳用志_7c98,meso_陳用志,,節度,,period_song,"樞密使、兵部尚書、同平章事宋庠封莒國公,判河南府",period_song,任官,《圣朝名画评》,卷二,"樞密使、兵部尚書、同平章事宋庠封莒國公,判河南府、河陽三城節度使、同平章事文彥博封潞國公"
cv_陳用志_cd8d,meso_陳用志,,尚書,,period_song,"樞密使、兵部尚書、同平章事宋庠封莒國公,判河南府",period_song,任官,《圣朝名画评》,卷二,"樞密使、兵部尚書、同平章事宋庠封莒國公,判河南府、河陽三城節度使、同平章事文彥博封潞國公"
cv_陳用志_f840,meso_陳用志,,兵部,,period_song,"樞密使、兵部尚書、同平章事宋庠封莒國公,判河南府",period_song,任官,《圣朝名画评》,卷二,"樞密使、兵部尚書、同平章事宋庠封莒國公,判河南府、河陽三城節度使、同平章事文彥博封潞國公"
cv_陳用志_63b9,meso_陳用志,,祗候,,period_song,,period_song,任官,《圣朝名画评》,卷二,天聖中為圖畫院祗候
cv_陳用志_0300,meso_陳用志,,待詔,,景祐初,,period_song,任官,《圣朝名画评》,卷二,"逮景祐初,今上營慈孝寺,敕用志及待詔等筆東殿御座側,其間王華希宮中別賜,屏上為龍水,飾以花竹"
cv_厲昭慶_1d2b,meso_厲昭慶,,翰林待詔,,period_song,,period_song,任官,《圣朝名画评》,卷一,"初仕南唐,為翰林待詔"
cv_厲昭慶_9c4b,meso_厲昭慶,,待詔,,period_song,,period_song,任官,《圣朝名画评》,卷一,"仕僞唐為待詔,國破,與其男從至京師,籍為編"
cv_高文進_50f4,meso_高文進,,祗候,,period_song,,period_song,任官,《圣朝名画评》,卷一,太宗時入圖畫院為祗候
cv_高文進_66be,meso_高文進,,待詔,,period_song,,period_song,任官,《圣朝名画评》,卷一,"以其能,遷待詔,仍賜所居(在相國寺東)"
cv_高文進_1ab3,meso_高文進,,祗候,,period_song,,period_song,任官,《圣朝名画评》,卷一,太宗時入圖畫院為祗候
cv_高文進_955f,meso_高文進,,翰林待詔,,period_song,,period_song,任官,《圣朝名画评》,卷一,後授翰林待詔
cv_趙元長_ea03,meso_趙元長,应召,藝學,,period_song,,period_song,任官,《圣朝名画评》,卷一,"上驚賞久之,召元長入圖畫院為藝學"
cv_趙元長_6f26,meso_趙元長,,祗候,,period_song,,period_song,任官,《圣朝名画评》,卷一,"因於禁中牆壁畫雉一隻,上見之,嘉賞,尋補圖畫院祗候"
cv_趙元長_b187,meso_趙元長,,圖畫院藝學,,period_song,,period_song,任官,《圣朝名画评》,卷一,"又,《聖朝名畫評》記載其為圖畫院藝學,《圖畫見聞志》記載其為圖畫院祗候"
cv_趙元長_4596,meso_趙元長,,祗候,,period_song,,period_song,任官,《圣朝名画评》,卷一,"又,《聖朝名畫評》記載其為圖畫院藝學,《圖畫見聞志》記載其為圖畫院祗候"
cv_高元亨_848d,meso_高元亨,,祗候,,period_song,,period_song,任官,《圣朝名画评》,卷一,真廟時為圖畫院祗候
cv_南簡_39bb,meso_南簡,,待詔,,period_song,,period_song,任官,《圣朝名画评》,卷一,於本在此斷句號，即將南簡作為太宗朝待詔來介紹，若如此則不需要高元亨推薦
cv_南簡_9b75,meso_南簡,,待詔,,period_song,,period_song,任官,《圣朝名画评》,卷一,然按上文“高元亨”條，“真廟時為圖畫院祗候”，太宗朝如何能為更高的職務“待詔”
cv_南簡_c865,meso_南簡,,祗候,,period_song,,period_song,任官,《圣朝名画评》,卷一,然按上文“高元亨”條，“真廟時為圖畫院祗候”，太宗朝如何能為更高的職務“待詔”
cv_南簡_4712,meso_南簡,,尚書,,皇祐三年(1051)三月,,period_song,任官,《圣朝名画评》,卷一,宋仁宗皇祐三年(1051)三月，劉沆由尚書工部侍郎升任參知政事(副宰相)
cv_南簡_1ca3,meso_南簡,,工部,,皇祐三年(1051)三月,,period_song,任官,《圣朝名画评》,卷一,宋仁宗皇祐三年(1051)三月，劉沆由尚書工部侍郎升任參知政事(副宰相)
cv_南簡_2afc,meso_南簡,应召,待詔,,period_song,,period_song,任官,《圣朝名画评》,卷一,太宗朝待詔高元亨奉使過渭川，目睹簡畫，得其名氏，遽召之
cv_王道真_0411,meso_王道真,应召,待詔,,period_song,,period_song,任官,《圣朝名画评》,卷三,”遂召入圖畫院為祗候，與文進等傳移相國寺高益畫壁，及於大殿西偏門南面東壁畫寶志化十二面觀音相，又與文進對畫寺庭北門東面大神，遷待詔
cv_王道真_7eef,meso_王道真,应召,祗候,,period_song,,period_song,任官,《圣朝名画评》,卷三,”遂召入圖畫院為祗候，與文進等傳移相國寺高益畫壁，及於大殿西偏門南面東壁畫寶志化十二面觀音相，又與文進對畫寺庭北門東面大神，遷待詔
cv_牟谷_bcdd,meso_牟谷,,翰林待詔,,period_song,,period_song,任官,《圣朝名画评》,卷一,"《圖畫見聞志》:“時太宗御容已令元靄寫畢,乃更令谷寫正面御容,尋授翰林待詔"
cv_牟谷_0cf1,meso_牟谷,应召,,,period_song,汴京,period_song,恩遇,《圣朝名画评》,卷一,太宗聞之，召元靄傳寫
cv_牟谷_b2fc,meso_牟谷,应召,,,period_song,汴京,period_song,恩遇,《圣朝名画评》,卷一,章聖即位，召靄寫先帝側座御容，恩賜甚厚
cv_牟谷_c1d8,meso_牟谷,应召,,,period_song,汴京,period_song,恩遇,《圣朝名画评》,卷一,"""因延坐嗟尚，見召楊責讓，伏罪致謝而退"
cv_牟谷_e190,meso_牟谷,,學士,,period_song,,period_song,任官,《圣朝名画评》,卷一,官至翰林學士
cv_牟谷_19a7,meso_牟谷,,祗候,,period_song,,period_song,任官,《圣朝名画评》,卷一,"太宗即位,授入內高品………………太平興國六年,擢入內高品押班,遷副都知,勾當翰林司,轉入內班都知,兼勾當祗候內品班"
cv_牟谷_dfee,meso_牟谷,,,,period_song,內黃門都,period_song,游历,《圣朝名画评》,卷一,"屬初易黃門之號,轉入內黃門都知,俄加宮苑使"
cv_牟谷_b6c1,meso_牟谷,,祗候,,period_song,,period_song,任官,《圣朝名画评》,卷一,暨登位，得圖畫院祗候
cv_牟谷_8e75,meso_牟谷,,祗候,,period_song,,period_song,任官,《圣朝名画评》,卷一,"牟谷,工相術,善傳寫,太宗朝為圖畫院祗候"
cv_元璲_a8e0,meso_元璲,应召,,,period_song,汴京,period_song,恩遇,《圣朝名画评》,卷一·人物门,太宗聞之，召元靄傳寫
cv_元璲_e3e6,meso_元璲,应召,,,period_song,汴京,period_song,恩遇,《圣朝名画评》,卷一·人物门,章聖即位，召靄寫先帝側座御容，恩賜甚厚
cv_尹質_2fbb,meso_尹質,,尚書,,period_song,,period_song,任官,《圣朝名画评》,卷一,"仁宗時為兵部尚書,參知政事"
cv_尹質_909b,meso_尹質,,兵部,,period_song,,period_song,任官,《圣朝名画评》,卷一,"仁宗時為兵部尚書,參知政事"
cv_尹質_c102,meso_尹質,应召,尚書,,period_song,,period_song,任官,《圣朝名画评》,卷一,"復召知樞密院事,遷兵部尚書,參知政事"
cv_尹質_ccfc,meso_尹質,应召,兵部,,period_song,,period_song,任官,《圣朝名画评》,卷一,"復召知樞密院事,遷兵部尚書,參知政事"
cv_尹質_9458,meso_尹質,,司徒,,period_song,,period_song,任官,《圣朝名画评》,卷一,"尋卒,贈司徒兼侍中,謚宣獻"
cv_尹質_0ed8,meso_尹質,应召,,,period_song,汴京,period_song,恩遇,《圣朝名画评》,卷一,"燕恭肅王召質寫真,特優禮之"
cv_尹質_1f1b,meso_尹質,应召,,,period_song,汴京,period_song,恩遇,《圣朝名画评》,卷一,"宋氏復召沙門懷志,以質草樣示之,俾為標準"
cv_石恪_c1a8,meso_石恪,,,,period_song,孟蜀,period_song,游历,《圣朝名画评》,卷三·鬼神门,"至孟蜀時,被人模拓,竊換真本,與荊湖人去"
cv_燕文貴_d324,meso_燕文貴,,主簿,,period_song,,period_song,任官,《圣朝名画评》,卷三,"本隸軍籍,曾任縣主簿,掌管出納官物,銷注簿書,階從九品"
cv_燕文貴_cdbf,meso_燕文貴,,待詔,,period_song,,period_song,任官,《圣朝名画评》,卷三,"太宗時(976—997)遊汴京(今河南開封),於天門道上賣畫,為待詔高益所見,薦畫相國寺壁,遂入圖畫院"
cv_燕文貴_9612,meso_燕文貴,,祗候,,period_song,,period_song,任官,《圣朝名画评》,卷三,"偶暇日,畫山水一幅,人有告董役劉都知者,因奏補圖畫院祗候,實精品也"
cv_李成_af03,meso_李成,,,,period_song,家青州,period_song,游历,《圣朝名画评》,卷二·山水林木门,"曾祖鼎,唐國子祭酒、蘇州刺史,唐末,避亂徙家青州益都"
cv_李成_ec52,meso_李成,应召,,,period_song,汴京,period_song,恩遇,《圣朝名画评》,卷二·山水林木门,"後成舉進士,來集於春官,孫卑辭堅召"
cv_李成_9d0d,meso_李成,,光祿丞,,period_song,,period_song,任官,《圣朝名画评》,卷二·山水林木门,"請恩幽閃,贈光祿丞(事見宋白所撰墓碣)"
cv_李成_47b4,meso_李成,,禮部,,period_song,,period_song,任官,《圣朝名画评》,卷二·山水林木门,"”春官,唐光宅年間曾改禮部為春官,後“春官”遂為禮部的別稱"
cv_李成_4f96,meso_李成,,祗候,,period_song,,period_song,任官,《圣朝名画评》,卷二·山水林木门,史館的總領爲監修國史，長官稱判史館，屬官有史館修撰、直史館、史館檢討、史館編修、史館勘書、史館校勘、史館祗候等，其中判史館、史館修撰、直史館、史館檢討爲常設之職，餘官皆爲臨時設置
cv_李成_be50,meso_李成,,都監,,period_song,,period_song,任官,《圣朝名画评》,卷二·山水林木门,字國華，真定靈壽(今屬河北)人，以敗契丹、北漢功，任樞密承旨，滅後蜀任都監
cv_李成_192d,meso_李成,应召,,,period_song,汴京,period_song,恩遇,《圣朝名画评》,卷二·山水林木门,熙寧初被召畫小殿屏風
cv_高克明_349b,meso_高克明,,待詔,,period_song,"今上嘗詔入便殿,命畫圖壁等,為上所賞,遷至待詔、守少府",period_song,任官,《圣朝名画评》,卷二,"今上嘗詔入便殿,命畫圖壁等,為上所賞,遷至待詔、守少府監主簿,賜紫"
cv_高克明_8288,meso_高克明,,主簿,,period_song,"今上嘗詔入便殿,命畫圖壁等,為上所賞,遷至待詔、守少府",period_song,任官,《圣朝名画评》,卷二,"今上嘗詔入便殿,命畫圖壁等,為上所賞,遷至待詔、守少府監主簿,賜紫"
cv_巨然_3990,meso_巨然,,,,period_song,京,period_song,游历,《圣朝名画评》,卷二·山水林木门,"僞唐李煜歸命,巨然隨至京師,居於開寶寺,投謁在位,遂有聲譽"
cv_趙幹_aadb,meso_趙幹,,尚書,,period_song,,period_song,任官,《圣朝名画评》,卷二,魏文帝設度支尚書寺，晉及南朝宋、齊，北朝北魏、北齊均設度支尚書，領度支、金部、倉部、起部四曹
cv_趙幹_9c57,meso_趙幹,,郎中,,period_song,,period_song,任官,《圣朝名画评》,卷二,唐初避太宗李世民諱，改民部爲戶部，下有度支郎中
cv_趙幹_73ba,meso_趙幹,,戶部,,period_song,,period_song,任官,《圣朝名画评》,卷二,唐初避太宗李世民諱，改民部爲戶部，下有度支郎中
cv_趙幹_a169,meso_趙幹,,戶部,,period_song,,period_song,任官,《圣朝名画评》,卷二,至宋代，度支使與戶部使、鹽鐵使，總領全國財賦，合稱三司使
cv_趙幹_9a0f,meso_趙幹,,判官,,period_song,,period_song,任官,《圣朝名画评》,卷二,度支下設有副使、判官等
cv_趙幹_4e8b,meso_趙幹,,畫院學生,,period_song,,period_song,任官,《圣朝名画评》,卷二,李煜時為畫院學生
cv_龐崇穆_70c2,meso_龐崇穆,应召,,,period_song,汴京,period_song,恩遇,《圣朝名画评》,卷二,"始建玉清昭應宮,召崇穆畫山水數壁,能為羣峯列岫、雲煙聚散之象"
cv_趙邈卓_fecf,meso_趙邈卓,,節度,,皇祐五年,,period_song,任官,《圣朝名画评》,卷二·畜獸门,皇祐五年，改鎮潼軍節度
cv_趙邈卓_ffc6,meso_趙邈卓,,縣令,,period_song,">:""州",period_song,任官,《圣朝名画评》,卷二·畜獸门,">:""州縣官奉皆給他物，頗聞貨鬻不充其直......其萬戶縣令、五萬戶州事、兩京司録，舊月奉錢二萬者，給四十戶，率是爲差"
cv_趙邈卓_51b8,meso_趙邈卓,,,,period_song,泗州,period_song,游历,《圣朝名画评》,卷二·畜獸门,""">:""嘗按部至泗州，慮獄，法掾誤斷囚至死"
cv_袁蟻_b738,meso_袁蟻,,指揮使,,period_song,,period_song,任官,《圣朝名画评》,卷二·畜兽门,都指揮使、副都指揮使、都虞候各一人，掌馬軍諸指揮之名籍，凡統制、訓練、番衛、戍守、遷補、賞罰，皆總其政令
cv_袁蟻_ccf6,meso_袁蟻,,指揮使,,period_song,,period_song,任官,《圣朝名画评》,卷二·畜兽门,所領馬軍，自龍衛而下有左右四廂都指揮使，龍衛左右廂各有都指揮使
cv_袁蟻_e824,meso_袁蟻,,指揮使,,政和四年,,period_song,任官,《圣朝名画评》,卷二·畜兽门,政和四年，詔以馬軍都指揮使、馬軍副都指揮使在正任觀察使之上，馬軍都虞候在正任防禦使之上
cv_袁蟻_8847,meso_袁蟻,,指揮使,,period_song,,period_song,任官,《圣朝名画评》,卷二·畜兽门,所領步軍，自神衛而下有左右四廂都指揮使，左右廂各有都指揮使
cv_袁蟻_571b,meso_袁蟻,,指揮使,,政和四年,,period_song,任官,《圣朝名画评》,卷二·畜兽门,政和四年，詔以步軍都指揮使、步軍副都指揮使在正任觀察使之上，虞候在正任防禦使之上
cv_龍章_9510,meso_龍章,应召,,,period_song,汴京,period_song,恩遇,《圣朝名画评》,卷二,"其京兆人,因玉清昭應事應召來京,故稱"
cv_龍章_d886,meso_龍章,应召,,,period_song,汴京,period_song,恩遇,《圣朝名画评》,卷二,"祥符中,玉清昭應宮成,召令彩繪列壁"
cv_龍章_fb73,meso_龍章,,,,period_song,食於京,period_song,游历,《圣朝名画评》,卷二,"常游食於京師,時樂遊坊市"
cv_荀信_31d4,meso_荀信,,翰林待詔,,period_song,,period_song,任官,《圣朝名画评》,卷二,真宗朝為翰林待詔
cv_荀信_7755,meso_荀信,,翰林待詔,,period_song,,period_song,任官,《圣朝名画评》,卷二,真廟時為翰林待詔
cv_董羽_6e10,meso_董羽,,待詔,,period_song,,period_song,任官,《圣朝名画评》,卷二·古代官殿內設在门,"仕李煜為待詔,寫香花閣幃床屏並積水圖,大見稱譽"
cv_董羽_2080,meso_董羽,,學士,,period_song,,period_song,任官,《圣朝名画评》,卷二·古代官殿內設在门,"隨煜歸京,於學士院壁為戲水龍,於開寶寺東經藏院壁為弄珠龍,皆為精筆"
cv_董羽_6773,meso_董羽,,圖畫院藝學,,period_song,,period_song,任官,《圣朝名画评》,卷二·古代官殿內設在门,既歸朝，領真命，爲圖畫院藝學
cv_董羽_b6c0,meso_董羽,,,,period_song,京,period_song,游历,《圣朝名画评》,卷二·古代官殿內設在门,"""隨煜歸京""，四庫本作""隨李煜入京"""
cv_董羽_0550,meso_董羽,,學士,,period_song,,period_song,任官,《圣朝名画评》,卷二·古代官殿內設在门,"""於學士院壁爲戲水龍""，四庫本改作""於學士院畫戲水龍"""
cv_徐熙_000c,meso_徐熙,,大夫,,period_song,,period_song,任官,《圣朝名画评》,卷三·花竹翎毛门,"評曰:士大夫議為花果者,往往宗尚黃筌、趙昌之筆,蓋其寫生設色,迴出人意"
cv_徐熙_2a9f,meso_徐熙,,刺史,,period_song,公元909年自領昇州,period_song,任官,《圣朝名画评》,卷三·花竹翎毛门,徐溫，彭城人，爲楊吳權臣，公元909年自領昇州(今江蘇南京)刺史，其子知詢、知諤先後爲金陵尹，遂爲金陵人
cv_趙昌_423c,meso_趙昌,,節度,,淳化五年,降爲益州,period_song,任官,《圣朝名画评》,卷三,淳化五年，降爲益州，罷節度
cv_陶裔_ee07,meso_陶裔,,祗候,,period_song,,period_song,任官,《圣朝名画评》,卷三,"”裔感上有言,潛志營學,遂得祗候於圖畫院"
cv_毋咸之_4063,meso_毋咸之,应召,學士,,period_song,知揚州,period_song,任官,《圣朝名画评》,卷三,避婦父富弼當國嫌，拜龍圖閣待制，知揚州，改江寧府，以翰林侍讀學士召還，糾察在京刑獄
cv_毋咸之_e7f1,meso_毋咸之,,學士,,period_song,知開封府,period_song,任官,《圣朝名画评》,卷三,爲翰林學士，知開封府
cv_毋咸之_55e8,meso_毋咸之,,,,period_song,於馮京,period_song,游历,《圣朝名画评》,卷三,"""至於馮京知江寧的時間，>無明文記載"
cv_毋咸之_2b2b,meso_毋咸之,,,,嘉祐,知揚州,period_song,游历,《圣朝名画评》,卷三,"""又，>卷一八九""(仁宗嘉祐)四年(1059)(三月)壬子""條:""徙知揚州馮京知盧州"
cv_毋咸之_fbe4,meso_毋咸之,,,,period_song,知盧州,period_song,游历,《圣朝名画评》,卷三,""">謂馮京由揚州徙知盧州，""盧州""恐是筆誤"
cv_夏侯延祐_9e78,meso_夏侯延祐,,翰林待詔,,period_song,,period_song,任官,《圣朝名画评》,卷三,始事孟蜀為翰林待詔
cv_夏侯延祐_e660,meso_夏侯延祐,,圖畫院藝學,,period_song,,period_song,任官,《圣朝名画评》,卷三,"既歸朝,拜真命,為圖畫院藝學"
cv_夏侯延祐_9fd1,meso_夏侯延祐,,待詔,,period_song,,period_song,任官,《圣朝名画评》,卷三,仕孟昶為待詔
cv_夏侯延祐_76e6,meso_夏侯延祐,,圖畫院藝學,,period_song,,period_song,任官,《圣朝名画评》,卷三,"後隨昶至京師,得圖畫院藝學,為流輩推重"
cv_夏侯延祐_2218,meso_夏侯延祐,,圖畫院藝學,,period_song,,period_song,任官,《圣朝名画评》,卷三,既歸朝，拜真命，爲圖畫院藝學
cv_閻士安_e0dd,meso_閻士安,,,,period_song,居鄭州,period_song,游历,《圣朝名画评》,卷三,其父徙居鄭州管城
cv_閻士安_f6ae,meso_閻士安,,指揮使,,period_song,父超懷州,period_song,任官,《圣朝名画评》,卷三,"父超懷州防禦使,補衙內都指揮使"
cv_閻士安_d279,meso_閻士安,,平章事,,明道,明道間拜保靜軍節度使、定州,period_song,任官,《圣朝名画评》,卷三,"明道間拜保靜軍節度使、定州路都總管,使契丹懾服議和,以功拜同中書門下平章事,封祁國公,改冀國公"
cv_閻士安_7fe1,meso_閻士安,,節度,,明道,明道間拜保靜軍節度使、定州,period_song,任官,《圣朝名画评》,卷三,"明道間拜保靜軍節度使、定州路都總管,使契丹懾服議和,以功拜同中書門下平章事,封祁國公,改冀國公"
cv_閻士安_0869,meso_閻士安,,平章事,,period_song,,period_song,任官,《圣朝名画评》,卷三,"後起為河陽三城節度使、樞密使,同中書門下平章事,封魯國公"
cv_閻士安_6a8f,meso_閻士安,,節度,,period_song,,period_song,任官,《圣朝名画评》,卷三,"後起為河陽三城節度使、樞密使,同中書門下平章事,封魯國公"
cv_閻士安_ee5f,meso_閻士安,,尚書,,period_song,,period_song,任官,《圣朝名画评》,卷三,"元豐三年(1080)改行新官制,又以尚書、侍郎等為職事官,而以舊時所置散官為寄祿官"
cv_閻士安_7c81,meso_閻士安,,尚書,,period_song,,period_song,任官,《圣朝名画评》,卷三,"凡職事官,自尚書至給舍諫議,其職俸以寄祿官高下分行、守、試三等,以過令為準"
cv_閻士安_3f59,meso_閻士安,,學生,,period_song,,period_song,任官,《圣朝名画评》,卷三,"四門助教,協助四門博士教授四門的學生"
cv_李雄_3ea8,meso_李雄,,祗候,,period_song,,period_song,任官,《圣朝名画评》,卷三·鬼神门,"太宗朝為圖畫院祗候,因忤旨遁去"
cv_郭忠恕_c127,meso_郭忠恕,应召,,,period_song,汴京,period_song,恩遇,《圣朝名画评》,卷三·屋木门,”又《圖畫見聞志》：“初，周祖召為博士
cv_郭忠恕_4e46,meso_郭忠恕,应召,,,period_song,汴京,period_song,恩遇,《圣朝名画评》,卷三·屋木门,初，周祖召爲博士，後因爭忿於朝堂，貶崖州司戶
cv_郭忠恕_7c26,meso_郭忠恕,应召,主簿,,period_song,,period_song,任官,《圣朝名画评》,卷三·屋木门,太宗素知其名，召赴闕下，授以國子監主簿
cv_郭忠恕_7f18,meso_郭忠恕,应召,,,period_song,汴京,period_song,恩遇,《圣朝名画评》,卷三·屋木门,弱冠，漢湘陰公召之，忠恕拂衣遽辭去
cv_郭忠恕_6d81,meso_郭忠恕,应召,主簿,,period_song,,period_song,任官,《圣朝名画评》,卷三·屋木门,太宗即位，聞其名，召赴闕，授國子監主簿，賜襲衣、銀帶、錢五萬，館於太學，令刊定歷代字書
cv_郭忠恕_2f3c,meso_郭忠恕,,,,period_song,齊州,period_song,游历,《圣朝名画评》,卷三·屋木门,已行至齊州臨邑，謂部送吏曰:'我今逝矣
cv_郭忠恕_c752,meso_郭忠恕,,少卿,,period_song,,period_song,任官,《圣朝名画评》,卷三·屋木门,少卿爲之貳，丞參領之
cv_郭忠恕_ddbd,meso_郭忠恕,,主簿,,period_song,,period_song,任官,《圣朝名画评》,卷三·屋木门,主簿一員，以京官充
cv_郭忠恕_a440,meso_郭忠恕,,兵部侍郎,,大中祥符八年,,period_song,任官,《圣朝名画评》,卷三·屋木门,大中祥符八年，以兵部侍郎趙安易兼卿，判寺趙世長改爲知寺事
cv_郭忠恕_8926,meso_郭忠恕,,少卿,,period_song,,period_song,任官,《圣朝名画评》,卷三·屋木门,九年，始定丞、郎以上兼卿，給、舍以下兼少卿，郎中以下兼丞，京官兼主簿
cv_郭忠恕_8b4c,meso_郭忠恕,,郎中,,period_song,,period_song,任官,《圣朝名画评》,卷三·屋木门,九年，始定丞、郎以上兼卿，給、舍以下兼少卿，郎中以下兼丞，京官兼主簿
cv_郭忠恕_4d54,meso_郭忠恕,,主簿,,period_song,,period_song,任官,《圣朝名画评》,卷三·屋木门,九年，始定丞、郎以上兼卿，給、舍以下兼少卿，郎中以下兼丞，京官兼主簿
cv_蔡潤_2470,meso_蔡潤,,待詔,,period_song,,period_song,任官,《圣朝名画评》,卷三,”遽詔入圖畫院為待詔
cv_呂拙_70b6,meso_呂拙,,翰林待詔,,period_song,,period_song,任官,《圣朝名画评》,卷三,時方建上清宮，拙因畫鬱羅霄臺樣進上，恩改翰林待詔，不就
cv_呂拙_9be9,meso_呂拙,,待詔,,period_song,,period_song,任官,《圣朝名画评》,卷三,"遷拙待詔,拙不肯授,願為本宮道士,上賜紫衣"
cv_呂拙_7d3c,meso_呂拙,,,,period_song,京,period_song,游历,《圣朝名画评》,卷三,"祥符中營昭應宮,詔天下名手至京師者三千餘人,中其選者如武宗元而下,亦不減百人"
cv_劉文通_09bb,meso_劉文通,,圖畫院藝學,,period_song,,period_song,任官,《圣朝名画评》,卷三,真宗朝為圖畫院藝學
cv_劉文通_b565,meso_劉文通,,藝學,,period_song,,period_song,任官,《圣朝名画评》,卷三,"”“真宗時入圖畫院為藝學”,四庫本作“真宗朝入圖畫院為藝學”"
cv_劉文通_0e44,meso_劉文通,,藝學,,period_song,,period_song,任官,《圣朝名画评》,卷三,真宗時入圖畫院為藝學
cv_王仁壽_5bd1,meso_王仁壽,,,,period_five_dynasties,汴,period_five_dynasties,游历,《圣朝名画评》,五代名画补遗·人物门,>載，大同元年春正月丁亥朔，(耶律德光)備法駕入汴，御崇元殿，受百官賀
cv_東丹王_ea34,meso_東丹王,,,,period_five_dynasties,京,period_five_dynasties,游历,《圣朝名画评》,人马门,"梁唐及晉初,凡北邊防戍及榷易商人,嘗得贊華之畫,工甚精緻,至京師,人多以金帛質之"
cv_東丹王_7389,meso_東丹王,,大夫,,period_five_dynasties,,period_five_dynasties,任官,《圣朝名画评》,人马门,"予於贊善大夫趙公第見贊華畫馬,骨法勁快,不良不駑,自得窮荒步驟之態,其所短者,設色麄略,人物短小,此其失也"
cv_楊惠之_9039,meso_楊惠之,,平章事,,period_five_dynasties,,period_five_dynasties,任官,《圣朝名画评》,五代名画补遗·塑作门,末帝時，拜門下平章事
cv_衛賢_3aac,meso_衛賢,,供奉,,period_five_dynasties,,period_five_dynasties,任官,《圣朝名画评》,五代名画补遗·屋木门,"衛賢,京兆人,仕南唐,為內供奉"
cv_韓求_94e6,meso_韓求,,節度,,period_five_dynasties,"時大唐昭宗乾寧乙卯歲,乃封幷州",period_five_dynasties,任官,《圣朝名画评》,五代名画补遗·人物门,"時大唐昭宗乾寧乙卯歲,乃封幷州節度使李克用為晉王,城太原"
cv_韓求_393d,meso_韓求,,,,period_five_dynasties,洛,period_five_dynasties,游历,《圣朝名画评》,五代名画补遗·人物门,"乃遣李振至洛陽,與蔣玄暉及朱友恭、氏叔琮謀殺昭宗"
cv_韓求_8ba4,meso_韓求,,郎中,,period_five_dynasties,,period_five_dynasties,任官,《圣朝名画评》,五代名画补遗·人物门,常遊化爲任......帝五代名畫補遺人物門第一(接上頁註釋)以爲然，即遣郎中蔡愔、博士弟子秦景等，使往天竺尋訪佛法
cv_李祝_a82d,meso_李祝,,節度,,period_five_dynasties,"時大唐昭宗乾寧乙卯歲,乃封幷州",period_five_dynasties,任官,《圣朝名画评》,人物门,"時大唐昭宗乾寧乙卯歲,乃封幷州節度使李克用為晉王,城太原"
cv_李祝_d533,meso_李祝,,,,period_five_dynasties,洛,period_five_dynasties,游历,《圣朝名画评》,人物门,"乃遣李振至洛陽,與蔣玄暉及朱友恭、氏叔琮謀殺昭宗"
cv_李祝_eb01,meso_李祝,,郎中,,period_five_dynasties,,period_five_dynasties,任官,《圣朝名画评》,人物门,常遊化爲任......帝五代名畫補遺人物門第一(接上頁註釋)以爲然，即遣郎中蔡愔、博士弟子秦景等，使往天竺尋訪佛法
cv_張圖_5db9,meso_張圖,,員外郎,,period_five_dynasties,,period_five_dynasties,任官,《圣朝名画评》,五代名画补遗·人物门,世業儒，官至虞部員外郎
cv_跋異_1056,meso_跋異,,待詔,,period_five_dynasties,,period_five_dynasties,任官,《圣朝名画评》,五代名画补遗·人物门,"少學吳生,攻畫佛及鬼神,仕僞南唐主李璟為待詔"
cv_陸晃_8837,meso_陸晃,应召,,,period_five_dynasties,汴京,period_five_dynasties,恩遇,《圣朝名画评》,五代名画补遗·人物门,"時僞南唐李璟常聞晃名,欲召之,會侍者譖之,以謂晃好把酒歌舞,無臣子之體,璟由是疏遠之"
cv_王溫_716a,meso_王溫,,郎中,,period_five_dynasties,,period_five_dynasties,任官,《圣朝名画评》,五代名画补遗·塑作门,"時王志愔、郎中賀蘭務溫、録事焦立功具實聞奏,尋準前制,改故建國寺為大相國寺,仍並安業寺而屬焉"
