location_id,entity_name,type,modern_address,coordinates,source_book,source_chapter,source_text
M1_2_Missing_107,吴兴郡,Admin_Region,浙江省湖州市,"[120.10, 30.86]",历代名画记,卷一,近代有侯莫陈厦、沙门道芬，精致稠沓，皆一时之秀也。吴兴郡南堂有两壁树石，余观之而叹曰：“此画位置若道芬，迹类宗偃，是何人哉？”吏对曰：“有徐表仁者，初为僧号宗偃，师道芬则入室。今寓于郡侧，年未衰而笔力奋疾。”召而来，征他笔皆不类，遂指其单复曲折之势，耳剽心晤，成若宿构。使其凝意，且启幽襟，迨乎构成，亦窃奇状。向之两壁，盖得意深奇之作。观其潜蓄岚濑，遮藏洞泉，蛟根束鳞，危干凌碧，重质委地，青飙满堂。吴兴茶山，水石奔异，境与性会。乃召于山中写明月峡，因叙其所见，庶为知言。知之者解颐，不知者拊掌。
M1_2_Missing_30,麒麟阁,Building/Studio,陕西省西安市,"[108.87, 34.30]",历代名画记,卷一,《广雅》认为：“画，就是对客观事物的描摹。”《尔雅》说：“画，描绘客观事物的形状。”《说文》以为：“画，本是划分田界的意思。从‘画（畫）’字的下半部分笔画看，好似模仿田间小路的形状，而上半部分则是指代绘画的工具。”《释名》则说：“画，就是涂抹之意。在物象之上涂以各种色彩。”因此在钟鼎上雕刻图案，可以让人们在生活中识别害人的妖魔鬼怪；而旗帜上所绘的标志如果清晰明了，就可以起到昭明法度、完备国家制度的作用。当在神圣的太庙进行庄严肃穆的祭祀典礼时，将绘有图案的礼器并排陈列于神位之前，通过各地绘画测定土地面积和划分疆域范围。再者，把那些忠诚孝义之士的肖像全部陈列于云台之上，并将那些功绩卓著大臣的画像置
M1_2_Missing_36,蜀郡学堂,Building/Studio,四川省成都市,"[104.06, 30.67]",历代名画记,卷一,曹植有言曰：“观画者，见三皇五帝，莫不仰戴；见三季异主，莫不悲惋；见篡臣贼嗣，莫不切齿；见高节妙士，莫不忘食；见忠臣死难，莫不抗节；见放臣逐子，莫不叹息；见淫夫妒妇，莫不侧目；见令妃顺后，莫不嘉贵。是知存乎鉴戒者，图画也。”昔夏之衰也，桀为暴乱，太史终抱画以奔商；殷之亡也，纣为淫虐，内史挚载图而归周。燕丹请献，秦皇不疑；萧何先收，沛公乃王。图画者，有国之鸿宝，理乱之纪纲。是以汉明宫殿，赞兹粉绘之功；蜀郡学堂，义存劝戒之道。马后女子，尚愿戴君于唐尧；石勒羯胡，犹观自古之忠孝。岂同博奕用心？自是名教乐事。
M1_2_Missing_38,明光殿,Building/Studio,陕西省西安市,"[108.95, 34.26]",历代名画记,卷一,三国时期的曹植这样评论：“观赏绘画的人，看见三皇五帝的画像时，无不敬仰爱戴；看见夏、商、周三代末世君主的画像时，无不悲伤惋惜；看见那些篡夺皇位的贼臣画像时，无不恨得咬牙切齿；看见高风亮节的仁人志士的画像时，无不倾慕得废寝忘食；看见为国捐躯的忠臣的画像时，无不心生守节之念；看见被放逐的忠臣孝子的画像时，无不为之感到叹息；看到道德败坏品行不端的男女画像时，无不鄙夷侧目；看见贤德徇良的后宫妃子画像时，无不高度嘉赏称赞。因此通过这些丑恶美善之事可以知道，能够保存下来并起到借鉴惩戒作用的，正是绘画。”昔日夏王朝衰败时，夏桀的所作所为过于暴戾，太史终古抱着国家重要的地图投奔商朝；殷商将亡国时，商纣王过于残
M1_2_Missing_57,东京观文殿,Building/Studio,河南省洛阳市,"[112.45, 34.62]",历代名画记,卷一,陈天嘉中，陈主肆意搜求，所得不少。及隋平陈，命元帅记室参军裴矩、高颎收之，得八百余卷。隋帝于东京观文殿后起二台：东曰妙楷台，藏自古法书；西曰宝迹台，收自古名画。炀帝东幸扬州，尽将随驾，中道船覆，大半沦弃。炀帝崩，并归宇文化及，化及至聊城，为窦建德所取。留东都者，为王世充所取。
M1_2_Missing_143,翰林院,Building/Studio,陕西省西安市,"[108.94, 34.27]",历代名画记,卷二,有赏玩收藏书画爱好的人，应当置备上百张宣纸，并用蜡在这些纸上进行处理，以备用它们来影印摹写书画。顾恺之的著作《摹拓妙法》对此有论述。古代精良的拓本，可以得到原画精髓的十分七八，而且还不失去它本来的神采和笔法。曾经也有皇家御府的拓本，被称为“官拓”。唐朝的内库、翰林院、集贤殿、秘书阁，这些机构都在不断地摹拓前代的名家大作。在天下太平的时候，这种摹写名家大作的风气十分流行，但当社会动乱后，这样摹写名家大作的事情也就逐渐被荒废了。所以如果得到了不同寻常的佳作，那摹写下来的拓本，也应当好好地珍藏和爱护。因为这一类的拓本，既可以为稀有的书画作品留下踪迹，同时又能够为后世的鉴赏家们留下验证的参照物。
M1_2_Missing_144,集贤殿,Building/Studio,陕西省西安市,"[108.94, 34.27]",历代名画记,卷二,有赏玩收藏书画爱好的人，应当置备上百张宣纸，并用蜡在这些纸上进行处理，以备用它们来影印摹写书画。顾恺之的著作《摹拓妙法》对此有论述。古代精良的拓本，可以得到原画精髓的十分七八，而且还不失去它本来的神采和笔法。曾经也有皇家御府的拓本，被称为“官拓”。唐朝的内库、翰林院、集贤殿、秘书阁，这些机构都在不断地摹拓前代的名家大作。在天下太平的时候，这种摹写名家大作的风气十分流行，但当社会动乱后，这样摹写名家大作的事情也就逐渐被荒废了。所以如果得到了不同寻常的佳作，那摹写下来的拓本，也应当好好地珍藏和爱护。因为这一类的拓本，既可以为稀有的书画作品留下踪迹，同时又能够为后世的鉴赏家们留下验证的参照物。
M1_2_Missing_145,秘书阁,Building/Studio,陕西省西安市,"[108.94, 34.27]",历代名画记,卷二,有赏玩收藏书画爱好的人，应当置备上百张宣纸，并用蜡在这些纸上进行处理，以备用它们来影印摹写书画。顾恺之的著作《摹拓妙法》对此有论述。古代精良的拓本，可以得到原画精髓的十分七八，而且还不失去它本来的神采和笔法。曾经也有皇家御府的拓本，被称为“官拓”。唐朝的内库、翰林院、集贤殿、秘书阁，这些机构都在不断地摹拓前代的名家大作。在天下太平的时候，这种摹写名家大作的风气十分流行，但当社会动乱后，这样摹写名家大作的事情也就逐渐被荒废了。所以如果得到了不同寻常的佳作，那摹写下来的拓本，也应当好好地珍藏和爱护。因为这一类的拓本，既可以为稀有的书画作品留下踪迹，同时又能够为后世的鉴赏家们留下验证的参照物。
M1_2_Missing_164,集贤殿书院,Building/Studio,陕西省西安市,"[108.94, 34.27]",历代名画记,卷二,有人通过进献书画获得官职和爵位，有人搜求寻访书画而获得赏赐。开元年间，有经商的胡人穆聿，具有鉴别图画真伪的能力，于是被安排到集贤殿当值，专门负责向朝廷告发谁家搜求和珍藏的书画珍品。至德年间，穆聿从无官之身一跃成为金吾长史，后又改名为“详”。当时还有一个叫潘淑善的，也因为进献书画而授官。还有辽东人王昌，括州人叶丰，长安人田颖，洛阳人杜福、刘翌，河内人齐光，他们都担任甄辨和贩卖图画书籍的工作。以上这些人虽然喜爱自己贩卖图书的职业，但实际上他们的行为就是借书画作品保护自身以得到好处。还有当时担任侍御史、集贤殿书院直学士的史维则，他充任博访图书的特使时，以封赏官爵作为奖励，从民间收集到了不少书画珍品。
M1_2_Missing_166,婺源县,Admin_Region,江西省上饶市婺源县,"[117.86, 29.25]",历代名画记,卷二,又有从来蓄聚之家，自号“图书之府”。开元中，邠王府司马窦瓒，颍川人也；右补阙席异，安定人也；监察御史潘履慎，荥阳人也；金部郎中蔡希寂，济阳人也；给事中窦绍、歙州婺源县令滕昇，吴郡人也；陆曜，东都人；福先寺僧朏，同官尉高至，渤海人也；国子主簿晁温，太原人也；鄠县尉崔曼倩，永王府长史陈闳，颍川人也；监察御史薛邕，太原人郭晖，并是别识收藏之人。近则张郎中从申、侍郎惟素（从申子也）、萧桂州祐、李方古、归侍郎登、道士卢元卿、韩侍郎愈、裴侍郎璘、段相邹平公、中书令晋公裴度、李太尉德裕。
M1_2_L1,太清宫,Temple,西安,"[108.968, 34.288]",历代名画记,卷三,太清宫。殿内绢上写玄元真，是吴。
M1_2_L10,宝刹寺,Temple,西安,"[108.947, 34.2594]",历代名画记,卷三,宝刹寺。佛殿南杨契丹画涅槃等变相，与裴《录》同，据裴《画录》亦有郑画，今不见也。西廊陈静眼画地狱变，又有杨庭光画。
M1_2_L11,兴唐寺,Temple,西安,"[108.947, 34.2594]",历代名画记,卷三,兴唐寺。三门楼下，吴画神。东般若院，杨庭光画山水等。西院，韩幹画一行大师真，徐浩书赞；又有吴生、周昉绢画。中三门内东西偏两壁，尉迟画。殿轩廊东、西、南壁，吴画。净土院，董谔、尹琳、杨坦、杨乔画。院内次北廊向东塔院内西壁，吴画金刚变，工人成色，损。次南廊，吴画金刚经变及郗后等，并自题。小殿内，吴画神、菩萨、帝释，西壁西方变，亦吴画。东南角，吴弟子李生画金光明经变。讲堂内，杨庭光画。
M1_2_L12,菩提寺,Temple,西安,"[108.947, 34.2594]",历代名画记,卷三,菩提寺。佛殿内东西壁，吴画神鬼。西壁工人布色，损。佛殿壁带间亦有杨庭光白画。殿内东、西、北壁，并吴画，其东壁有菩萨转目视人，法师文溆亡何令工人布色，损矣！东壁，董谔画本行经变。佛殿上构栏，耿昌言画水族。佛殿内东壁，杨庭光画。据《西京记》，合有郑画，今亡。
M1_2_L13,万安观,Temple,西安,"[108.945, 34.26]",历代名画记,卷三,万安观。公主影堂东北小院，南行，屋门外北壁，李昭道画山水。
M1_2_L14,净域寺,Temple,西安,"[108.947, 34.2594]",历代名画记,卷三,净域寺。据裴《画录》，此寺有孙尚子画，今不见。三阶院东壁，张孝师画地狱变，杜怀亮书榜子。院门内外神鬼，王韶应画，王什书榜子。王什、杜怀亮书，人罕知有，书迹甚高，似锺书。
M1_2_L15,景公寺,Temple,西安,"[108.947, 34.2594]",历代名画记,卷三,景公寺。东廊南间、东门南壁画行僧，转目视人。中门之东，吴画地狱并题。西门内西壁，吴画帝释并题次；南廊吴画。三门内东西画至妙，失人名。
M1_2_L16,青龙寺,Temple,西安,"[109.006, 34.233]",历代名画记,卷三,青龙寺。中三门外东西，王韶应画。
M1_2_L17,安国寺,Temple,西安,"[108.98, 34.26]",历代名画记,卷三,安国寺。东车门直北东壁，北院门外，画神两壁，及梁武帝、郗后等，并吴画并题。经院小堂，内外并吴画。西廊南头院，西面堂内南北壁，并中三门外东西壁，梵王、帝释，并杨庭光画。三门东西两壁释天等，吴画，工人成色，损。东廊大法师院塔内，尉迟画及吴画。大佛殿东西二神，吴画，工人成色，损。殿内维摩变，吴画。东、北涅槃变，杨庭光画。西壁西方变，吴画，工人成色，损。殿内正南佛，吴画，轻成色。
M1_2_L18,开元观,Temple,西安,"[108.947, 34.2594]",历代名画记,卷三,开元观。西廊院天尊殿前，龙虎君明真经变，及西壁并杨庭光画。门西窗上下，杨仙乔画。
M1_2_L19,云花寺,Temple,西安,"[108.947, 34.2594]",历代名画记,卷三,云花寺。小佛殿有赵武端画净土变。西廊北院门上北面，王知慎画。
M1_2_L2,荐福寺,Temple,西安,"[108.942, 34.244]",历代名画记,卷三,荐福寺。天后飞白书额。净土院门外两边，吴画神鬼；南边神头上龙为妙。西廊菩提院，吴画维摩诘本行变。律院北廊，张璪、毕宏画。西南院佛殿内东壁及廊下行僧，并吴画，未了。
M1_2_L20,宝应寺,Temple,西安,"[108.947, 34.259]",历代名画记,卷三,宝应寺。多韩幹白画，亦有轻成色者。佛殿东西二菩萨，亦幹画，工人成色，损。西南院小堂北壁，张璪画山水。院南门外，韩幹画侧坐毗沙门天王。北下方西塔院下，边鸾画牡丹。
M1_2_L21,咸宜观,Temple,西安,"[108.947, 34.259]",历代名画记,卷三,咸宜观。三门两壁及东西廊，并吴画。殿上窗间真人，吴画。殿前东西二神，解倩画。殿外东头东西二神，西头东西壁，吴生并杨庭光画。窗间写真及明皇帝、上佛公主等图，陈闳画。
M1_2_L22,永寿寺,Temple,西安,"[108.94, 34.25]",历代名画记,卷三,永寿寺。三门里吴画神。
M1_2_L23,千福寺,Temple,西安,"[108.925, 34.25]",历代名画记,卷三,千福寺。在安定坊，会昌中毁寺后却置，不改旧额。寺额上官昭容书。毁寺后有僧收得，再置却悬之。中三门外东行南，太宗皇帝撰《圣教序》，弘福寺沙门怀仁集王右军书。西行，楚金和尚《法华感应碑》，颜鲁公书，徐浩题额。碑阴。沙门飞锡撰，吴通微书。
M1_2_L24,东塔院,Building/Studio,西安,"[108.947, 34.2594]",历代名画记,卷三,东塔院，额高力士书。涅槃鬼神，杨惠之书。门屋下内外面，杨庭光白画鬼神，并门屋下两面四五间。西塔院玄宗皇帝题额。北廊堂内南岳智顗思大禅师、法华七祖及弟子影。弟子寿王主簿韩幹敬貌遗法，弟子沙门飞锡撰颂，并书。绕塔板上传法二十四弟子，卢稜伽、韩幹画，里面吴生画。时菩萨现，吴生貌。塔北普贤菩萨、鬼神，似是尹琳画。相传云是杨庭光画，画时笔端舍利从空而落。塔院门两面内外及东西向里各四间，吴画鬼神、帝释，极妙。塔院西廊沙门怀素草书。天师真，韩幹画。此东塔玄宗感梦置之。楚金真，吴画。弥勒下生变。韩幹正画，细小稠闹。
M1_2_L26,崇福寺,Temple,西安,"[108.93, 34.255]",历代名画记,卷三,崇福寺。武后题额。西库，牛昭、王陁子画山水。东山亭，刘整画山水。西库门外西壁神，吴画，自题。
M1_2_L27,化度寺,Temple,西安,"[108.95, 34.24]",历代名画记,卷三,化度寺。殷仲容题额。杨庭光、杨仙乔画本行经变，卢稜伽画地狱变，今残两头少许耳。
M1_2_L28,温国寺,Temple,西安,"[108.947, 34.2594]",历代名画记,卷三,温国寺。净土院，尹琳画，三门内吴画鬼神。南北窗门画神，失人名。
M1_2_L29,定水寺,Temple,西安,"[108.947, 34.2594]",历代名画记,卷三,定水寺。王羲之题额，从荆州将来。殿内东壁北二神，西壁三帝释，并张僧繇画，从上元县移来。余七神及下小神，并解倩画。殿内东壁，孙尚子画维摩诘，其后屏风，临古迹帖，亦妙。中间亦孙尚子画。东间不是孙，亦妙，失人名。内东西壁及前面门上并似展画，甚妙。前面有三圆光，皆突生壁窗间，菩萨亦妙。
M1_2_L3,兴善寺,Temple,西安,"[108.943, 34.218]",历代名画记,卷三,兴善寺。殿内壁画至妙，失人名。按裴《录》云：“此寺有刘焉画。”恐是。西南舍利塔内曹画，西面尹琳画。东廊从南第三院小殿柱间，吴画神，工人装，损。三藏院阁画至妙，失人名。
M1_2_L30,奉恩寺,Temple,西安,"[108.947, 34.2594]",历代名画记,卷三,奉恩寺。中三门外西院北，尉迟画本国王及诸亲族；次塔下小画，亦尉迟画。此寺本是乙僧宅。
M1_2_L31,龙兴寺,Temple,西安,"[112.454, 34.618]",历代名画记,卷三,龙兴寺。佛殿郑法轮画。
M1_2_L32,懿德寺,Temple,西安,"[108.947, 34.2594]",历代名画记,卷三,懿德寺。三门楼下两壁神，中三门东西华严变，并妙。三门西廊东，静眼画山水。大殿内画极妙，失人名。
M1_2_L33,胜光寺,Temple,西安,"[108.947, 34.2594]",历代名画记,卷三,胜光寺。西北院小殿南面东、西偏门上，王定画行僧及门间菩萨圆光。三门外神及帝释，杨仙乔画。三门北南廊，尹琳画。塔东南院，周昉画水月观自在菩萨掩障，菩萨圆光及竹，并是刘整成色。
M1_2_L34,西明寺,Temple,西安,"[108.895, 34.24]",历代名画记,卷三,西明寺。玄宗朝南薰殿学士刘子皋书额。入西门南壁，杨庭光画神两铺，成色损。东廊东面第一间，传法者图赞，褚遂良书。第三间利防等，四间昙柯迦罗，并欧阳通书。寺东崇福寺壁碾，陈积善画山水。三阶院，蔡金刚、范长寿画。
M1_2_L35,净法寺,Temple,西安,"[108.947, 34.2594]",历代名画记,卷三,净法寺。殿后张孝师画地狱变。东壁范长寿画，与裴孝源《录》同。西壁亦妙，失人名。
M1_2_L36,空观寺,Temple,西安,"[108.947, 34.2594]",历代名画记,卷三,空观寺。本周时村佛堂。绕壁，当时名手画。佛堂在寺东廊南院。佛殿南面东西门上，袁子昂画。又有“三绝”，是佛殿门扇孔雀及二龙。
M1_2_L37,崇圣寺,Temple,西安,"[108.947, 34.2594]",历代名画记,卷三,崇圣寺。西殿内，董伯仁画。东殿，展子虔画。展画与裴《录》同。西北，郑德文画。
M1_2_L38,净景寺,Temple,西安,"[108.947, 34.2594]",历代名画记,卷三,净景寺。殷仲容题额。
M1_2_L39,济度寺,Temple,西安,"[108.947, 34.2594]",历代名画记,卷三,济度寺。殷仲容题额。
M1_2_L4,慈恩寺,Temple,西安,"[108.963, 34.219]",历代名画记,卷三,慈恩寺。塔内面东西间，尹琳画，西面菩萨骑狮子，东面骑象。塔下南门，尉迟画；西壁千钵文殊，尉迟画；南北两间及两门，吴画并自题。塔北殿前窗间，吴画菩萨。殿内杨庭光画经变，色损。大殿东轩廊北壁，吴画未了。旧传是吴，细看不是。大殿东廊从北第一院，郑虔、毕宏、王维等白画。入院北壁，二神甚妙，失人名。两廊壁间，阎令画。中间及西廊，李果奴画行僧。塔之东南中门外偏，张孝师画地狱变，已剥落。院内东廊从北第一房间南壁，韦銮画松树。大佛殿内东壁好画，失人名。中三门里两面，尹琳画神。
M1_2_L40,玄都观,Temple,西安,"[108.947, 34.2594]",历代名画记,卷三,玄都观。殿内，范长寿画。
M1_2_L41,海觉寺,Temple,西安,"[108.947, 34.2594]",历代名画记,卷三,海觉寺。欧阳询题额。三门内王韶应画，小殿前面董画像。双林塔西面展画，后面云是郑画，尤妙。西南院门北壁，画神，失名，甚妙，或云郑法士。
M1_2_L42,寿果寺,Temple,西安,"[108.947, 34.2594]",历代名画记,卷三,寿果寺。殿内画甚妙，失人名。
M1_2_L43,纪国寺,Temple,西安,"[108.947, 34.2594]",历代名画记,卷三,纪国寺。西禅院小堂郑法轮画，甚碎。
M1_2_L44,褒义寺,Temple,西安,"[108.947, 34.2594]",历代名画记,卷三,褒义寺。殿后东西画，似是王定。佛殿西壁涅槃变，卢稜迦画，自题。西禅院殿内，杜景祥、王元之画。
M1_2_L45,大云寺,Temple,西安,"[112.454, 34.618]",历代名画记,卷三,大云寺。东浮图北有塔，俗呼为“七宝塔”，隋文帝造。冯提伽画瘦马并帐幕、人物，已剥落。又东壁、北壁，郑法轮画；西壁，田僧亮画；外边四面，杨契丹画本行经。据裴《录》，此寺亦有展画。有田、杨、郑并同。塔东叉手下，画辟邪，双目随人转盻。三阶院窗下旷野杂兽，似是张孝师。西南净土院绕殿僧，至妙，失人名。
M1_2_L46,永泰寺,Temple,西安,"[108.947, 34.2594]",历代名画记,卷三,永泰寺。殿及西廊，李雅画圣僧。东廊悬门，杨契丹画。东精舍，郑法士画灭度变相。
M1_2_L47,总持寺,Temple,西安,"[108.947, 34.2594]",历代名画记,卷三,总持寺。门外东西，吴画，成色损。佛殿内西面，孙尚子画。三藏院小佛殿四壁，尹琳、李昌画。堂内李重昌画恩大师影。
M1_2_L48,庄严寺,Temple,西安,"[108.947, 34.2594]",历代名画记,卷三,庄严寺。两寺并殷令名题额。南门外壁白蕃神，尹琳画。中门外东西，卢稜迦画两壁甚大。
M1_2_L49,秘书省,Building/Studio,西安,"[108.945, 34.265]",历代名画记,卷三,秘书省。薛稷画鹤，贺知章题诗，在东秘书厅；郎馀令画凤，在书阁柱上。都不成画，不堪观。先亦有小山水在书阁上，今已无。
M1_2_L5,龙兴观,Temple,西安,"[108.947, 34.2594]",历代名画记,卷三,龙兴观。大门内吴画神，已摧剥。殿内东壁，吴画明真经变。北面从西第二门，董谔白画。
M1_2_L52,太常寺,Building/Studio,西安,"[108.945, 34.265]",历代名画记,卷三,太常寺。太卿后厅，梁洽画山水。
M1_2_L53,禅定寺,Temple,西安,"[108.947, 34.2594]",历代名画记,卷三,禅定寺。裴孝源《画录》云，有陈善见画。
M1_2_L54,西禅寺,Temple,西安,"[108.947, 34.2594]",历代名画记,卷三,西禅寺。裴孝源云，有孙尚子画。
M1_2_L55,开业寺,Temple,西安,"[108.947, 34.2594]",历代名画记,卷三,开业寺。裴《录》云，有曹仲达、李雅、杨契丹、郑法士画。
M1_2_L56,清禅寺,Temple,西安,"[108.947, 34.2594]",历代名画记,卷三,清禅寺。裴《录》云，有郑法士画。
M1_2_L57,延兴寺,Temple,西安,"[108.947, 34.2594]",历代名画记,卷三,延兴寺。裴《录》云，有郑法士、李雅画。
M1_2_L58,福先寺,Temple,洛阳,"[112.46, 34.62]",历代名画记,卷三,福先寺。三阶院，吴画地狱变，有病龙最妙。寺三门两头亦似吴画。系本寺三阶院。
M1_2_L59,天宫寺,Temple,洛阳,"[112.47, 34.63]",历代名画记,卷三,天宫寺。三门，吴画除灾患变。板上二菩萨，张僧繇画。从江南将来。
M1_2_L6,唐安寺,Temple,西安,"[108.947, 34.2594]",历代名画记,卷三,唐安寺。塔下尹琳、李真画。北堂内西壁，朱审画山水。
M1_2_L60,长寿寺,Temple,洛阳,"[112.45, 34.61]",历代名画记,卷三,长寿寺。门里东西两壁鬼神，吴画。佛殿两轩行僧，亦吴画。菜园精舍内，王韶应画。
M1_2_L61,敬爱寺,Temple,洛阳,"[112.454, 34.618]",历代名画记,卷三,敬爱寺。据裴孝源《画录》云，有孙尚子画。彦远按：敬爱寺是中宗皇帝为高宗、武后置，孙尚子是隋朝画手，裴君所记为谬矣。佛殿内菩萨树下弥勒菩萨塑像，麟德二年自内出，王玄策取到西域所图菩萨像为样。巧儿、张寿、宋朝塑，王玄策指挥，李安贴金。东间弥勒像，张智藏塑，即张寿之弟也。陈永承成。西间弥勒像。窦弘果塑。已上三处像光及化生等，并是刘爽刻。殿中门西神，窦弘果塑。殿中门东神，赵云质塑，今谓之圣神也。此一殿功德并妙
M1_2_L63,弘圣寺,Temple,洛阳,"[112.454, 34.618]",历代名画记,卷三,弘圣寺。陈静眼、张志画。
M1_2_L64,昭成寺,Temple,洛阳,"[112.454, 34.618]",历代名画记,卷三,昭成寺。西廊障日《西域记图》，杨庭光画。三门下护法二神，张遵礼画。香炉两头净土变、药师变，程逊画。
M1_2_L65,圣慈寺,Temple,洛阳,"[112.454, 34.618]",历代名画记,卷三,圣慈寺。西北禅院，程逊画。本行经变，维摩诘并诸功德，杨庭光画。
M1_2_L66,弘道观,Temple,洛阳,"[112.454, 34.618]",历代名画记,卷三,弘道观。《东封图》是吴画，《两京记》乃云“非名手画”，误也。
M1_2_L67,城北老君庙,Temple,洛阳,"[112.454, 34.64]",历代名画记,卷三,城北老君庙，吴画。杜甫诗云：“五圣联龙衮，千官列雁行。”“画手看前辈，吴生独擅场。”
M1_2_L68,光严寺,Temple,洛阳,"[112.454, 34.618]",历代名画记,卷三,光严寺。裴孝源云，有董伯仁画。
M1_2_L69,天女寺,Temple,洛阳,"[112.454, 34.618]",历代名画记,卷三,天女寺。裴云，有展画，今不见。
M1_2_L7,光宅寺,Temple,西安,"[108.947, 34.2594]",历代名画记,卷三,光宅寺。东菩提院内北壁东西偏，尉迟画降魔等变，殿内吴生、杨庭光画，又尹琳画西方变。
M1_2_L70,甘露寺,Temple,江苏省镇江市,"[119.452, 32.221]",历代名画记,卷三,先是宰相李德裕镇浙西，创立甘露寺，唯甘露不毁。取管内诸寺画壁置于寺内...
M1_2_L8,玄真观,Temple,西安,"[108.947, 34.2594]",历代名画记,卷三,玄真观。殿内玄元及侍真座上，陈静心画乐天及神；殿内外，程雅、陈静心画。
M1_2_L9,资圣寺,Temple,西安,"[108.947, 34.2594]",历代名画记,卷三,资圣寺。殷仲容题额。檀章画中三门东窗间，南、北面，吴画高僧。大三门东南壁，姚景仙画经变。寺西门直西院外神及院内经变，杨庭光画。北圆塔下，李真、尹琳绢画菩萨。
M1_2_Missing_200,謇涓国,Admin_Region,传说国度,,历代名画记,卷四,烈裔，謇涓国人。秦皇二年，本国献之。口含丹墨，喷壁成龙兽。以指历地，如绳界之。转手方圆，皆如规矩。度方寸内，五岳、四渎、列土备焉。善画鸾凤，轩轩然惟恐飞去。见王子年《拾遗录》。
M1_2_Missing_202,杜陵,Admin_Region,陕西省西安市,"[109.02, 34.18]",历代名画记,卷四,毛延寿、杜陵人。陈敞、安陵人。刘白、新丰人。龚宽、洛阳人。阳望、下杜人。樊育，长安人。已上六人，并永光、建昭中画手。时元帝后宫既多，使图其状，每披图召见。诸宫人竞赂画工钱帛，独王嫱貌丽，意不苟求，工人遂为丑状。及匈奴求汉美女，上按图召昭君行，帝见昭君貌第一，甚悔之。而籍已定，乃穷其事，画工皆弃市，籍其家资，皆巨万。毛延寿画人，老少美恶，皆得其真。陈敞、刘白、龚宽并工牛马，但人物不及延寿。阳望、樊育亦善画，尤善布色。见葛洪《西京杂记》。
M1_2_Missing_203,安陵,Admin_Region,陕西省咸阳市,"[108.85, 34.40]",历代名画记,卷四,毛延寿、杜陵人。陈敞、安陵人。刘白、新丰人。龚宽、洛阳人。阳望、下杜人。樊育，长安人。已上六人，并永光、建昭中画手。时元帝后宫既多，使图其状，每披图召见。诸宫人竞赂画工钱帛，独王嫱貌丽，意不苟求，工人遂为丑状。及匈奴求汉美女，上按图召昭君行，帝见昭君貌第一，甚悔之。而籍已定，乃穷其事，画工皆弃市，籍其家资，皆巨万。毛延寿画人，老少美恶，皆得其真。陈敞、刘白、龚宽并工牛马，但人物不及延寿。阳望、樊育亦善画，尤善布色。见葛洪《西京杂记》。
M1_2_Missing_205,洛阳,Admin_Region,河南省洛阳市,"[112.45, 34.62]",历代名画记,卷四,毛延寿、杜陵人。陈敞、安陵人。刘白、新丰人。龚宽、洛阳人。阳望、下杜人。樊育，长安人。已上六人，并永光、建昭中画手。时元帝后宫既多，使图其状，每披图召见。诸宫人竞赂画工钱帛，独王嫱貌丽，意不苟求，工人遂为丑状。及匈奴求汉美女，上按图召昭君行，帝见昭君貌第一，甚悔之。而籍已定，乃穷其事，画工皆弃市，籍其家资，皆巨万。毛延寿画人，老少美恶，皆得其真。陈敞、刘白、龚宽并工牛马，但人物不及延寿。阳望、樊育亦善画，尤善布色。见葛洪《西京杂记》。
M1_2_Missing_207,长安,Admin_Region,陕西省西安市,"[108.93, 34.27]",历代名画记,卷四,毛延寿、杜陵人。陈敞、安陵人。刘白、新丰人。龚宽、洛阳人。阳望、下杜人。樊育，长安人。已上六人，并永光、建昭中画手。时元帝后宫既多，使图其状，每披图召见。诸宫人竞赂画工钱帛，独王嫱貌丽，意不苟求，工人遂为丑状。及匈奴求汉美女，上按图召昭君行，帝见昭君貌第一，甚悔之。而籍已定，乃穷其事，画工皆弃市，籍其家资，皆巨万。毛延寿画人，老少美恶，皆得其真。陈敞、刘白、龚宽并工牛马，但人物不及延寿。阳望、樊育亦善画，尤善布色。见葛洪《西京杂记》。
M1_2_Missing_218,长陵,Admin_Region,陕西省咸阳市,"[108.88, 34.43]",历代名画记,卷四,赵岐，字邠卿，京兆长陵人。多才艺，善画。自为寿藏于郢城，画季札、子产、晏婴、叔向四人居宾位，自居主位，各为赞颂。献帝建安六年，官至太常卿。见范晔《东汉书》。
M1_2_Missing_231,西鄂县,Admin_Region,河南省南阳市石桥镇,"[112.52, 33.15]",历代名画记,卷四,张衡，字平子，南阳郡西鄂县人。他才艺高超，远胜常人，生性巧思，精通天文历法，擅长绘画。他曾多次升迁，累官到侍中，出任河间王刘政的辅相。享年六十二岁。过去，建州郡浦城县的山中有一种水兽叫做“骇神”，猪身人头，相貌丑恶，连鬼怪也十分厌恶它，它喜欢出没在水边的石上。张衡听说后，就前往那里，要把它画出来，水兽却藏在深潭之中不出来。有人说，“这个水兽害怕人来画它，所以不出来，可以撤掉纸笔引诱它出来。”撤掉纸笔后，水兽果然浮出水面，张衡拱着手一动不动，却暗中用脚趾偷偷画它。此处就是今天被称为“巴兽潭”的地方。这段记载见于郭氏《异物志》。我认为：《三齐记》中说：“从前秦始皇见到海神，派侍从的巧匠用脚趾画出它
M1_2_Missing_239,蓟县,Admin_Region,北京市,"[116.39, 39.90]",历代名画记,卷四,徐邈，字景山，燕国蓟县人。生性喜欢饮酒，擅长绘画。曾担任侍中、司空，封为都乡侯。享年七十六岁，谥号穆。《魏志》中有他的传记。南朝时的光禄大夫颜延之称赞说：“魏元阳的射术，徐侍中的画技都十分高超。”魏明帝在洛水游玩，看见白色的水獭，十分喜爱，但无法得到它。徐邈说：“水獭最喜欢吃鲫鱼，甚至可以不顾死活。”他于是在木板上画了鲫鱼，并将木板悬在岸边，成群的水獭果然争抢过来，一下子就抓到了它们。魏明帝赞叹道：“爱卿的画技怎么会如此神妙！”徐邈回答说：“我不曾拿笔作画而是在用心作画。如果别人也这样用心作画，自然也可以和我画得差不多。”这段记载见于《续齐谐记》。
M1_2_Missing_241,吴兴,Admin_Region,浙江省湖州市,"[120.10, 30.86]",历代名画记,卷四,曹不兴，中品上。吴兴人也。孙权使画屏风，误落笔点素，因就成蝇状。权疑其真，以手弹之。时称吴有“八绝”。张㪍《吴录》云：“八绝者，菰城郑妪善相，刘敦善星象，吴范善候风气，赵达善算，严武善棋，宋寿善占梦，皇象善书，曹不兴善画，是八绝也。”吴赤乌中，不兴之青谿，见赤龙出水上，写献孙皓，皓送秘府。至宋朝，陆探微见画叹其妙，因取不兴龙置水上，应时蓄水成雾，累日雱霈。
M1_2_Missing_251,乐贤堂,Building/Studio,江苏省南京市,"[118.79, 32.06]",历代名画记,卷五,明帝司马绍，字道幾，下品上。元帝长子。幼异，有对日之奇。及长，善书画，有识鉴，最善画佛像。《蔡谟集》云：“帝画佛于乐贤堂，经历寇乱而堂独存，显宗效著作为颂。”大宁中，年二十七。谥曰明帝，庙号肃祖。见《晋书》。
M1_2_Missing_267,荆州,Admin_Region,湖北省荆州市,"[112.24, 30.33]",历代名画记,卷五,王廙，字世将，上品上。琅琊临沂人。善属词，工书画，过江后为晋代书画第一，音律众妙毕综。元帝时为左卫将军，封武康侯。时镇军谢尚于武昌昌乐寺造东塔，戴若思造西塔，并请廙画。王敦用廙为平南将军、荆州刺史、护南蛮校尉。赠侍中，年四十七。见《晋书》及何法盛《晋中兴书》。廙画为晋明帝师，书为右军法。时右军亦学画于廙，廙画《孔子十弟子》，赞云：“余兄子羲之，幼而岐嶷，必将隆余堂构。今始年十六，学艺之外，书画过目便能，就余请书画法，余画《孔子十弟子图》以励之。嗟尔羲之，可不勖哉！画乃吾自画，书乃吾自书，吾余事虽不足法，而书画固可法。欲汝学书，则知积学可以致远；学画，可以知师弟子行己之道。又各为汝赞之。”见廙本
M1_2_Missing_269,昌乐寺,Temple,湖北省武汉市,"[114.30, 30.59]",历代名画记,卷五,王廙，字世将，上品上。琅琊临沂人。善属词，工书画，过江后为晋代书画第一，音律众妙毕综。元帝时为左卫将军，封武康侯。时镇军谢尚于武昌昌乐寺造东塔，戴若思造西塔，并请廙画。王敦用廙为平南将军、荆州刺史、护南蛮校尉。赠侍中，年四十七。见《晋书》及何法盛《晋中兴书》。廙画为晋明帝师，书为右军法。时右军亦学画于廙，廙画《孔子十弟子》，赞云：“余兄子羲之，幼而岐嶷，必将隆余堂构。今始年十六，学艺之外，书画过目便能，就余请书画法，余画《孔子十弟子图》以励之。嗟尔羲之，可不勖哉！画乃吾自画，书乃吾自书，吾余事虽不足法，而书画固可法。欲汝学书，则知积学可以致远；学画，可以知师弟子行己之道。又各为汝赞之。”见廙本
M1_2_Missing_272,临沂县,Admin_Region,山东省临沂市,"[118.35, 35.05]",历代名画记,卷五,王廙，字世将，上品上。琅琊郡临沂县人。善于写作，精通书画，北方士族南渡后，他成为东晋时期书画家中的第一人，在音律方面也能集各家之长。晋元帝时任左卫将军，封武康侯。当时，镇军将军谢尚在武昌的昌乐寺造东塔，会稽太守戴昌之子戴若思造西塔，都请王廙在塔中作画。王敦任用王廙担任平南将军、荆州刺史、护南蛮校尉。去世后追赠侍中，享年四十七岁。事迹见《晋书》和何法盛的《晋中兴书》。晋明帝曾师法于王廙的绘画，王廙的书法也被王羲之所学习效法。当时王羲之曾向王廙学画，王廙画了《孔子十弟子图》，图后的赞语说：“我兄长的儿子羲之，幼年就十分聪慧，将来必定能够抬高我王氏家族的门楣。他今年刚十六岁，除了学习六艺，书法绘画的
M1_2_Missing_274,会稽,Admin_Region,浙江省绍兴市,"[120.58, 30.00]",历代名画记,卷五,王廙，字世将，上品上。琅琊郡临沂县人。善于写作，精通书画，北方士族南渡后，他成为东晋时期书画家中的第一人，在音律方面也能集各家之长。晋元帝时任左卫将军，封武康侯。当时，镇军将军谢尚在武昌的昌乐寺造东塔，会稽太守戴昌之子戴若思造西塔，都请王廙在塔中作画。王敦任用王廙担任平南将军、荆州刺史、护南蛮校尉。去世后追赠侍中，享年四十七岁。事迹见《晋书》和何法盛的《晋中兴书》。晋明帝曾师法于王廙的绘画，王廙的书法也被王羲之所学习效法。当时王羲之曾向王廙学画，王廙画了《孔子十弟子图》，图后的赞语说：“我兄长的儿子羲之，幼年就十分聪慧，将来必定能够抬高我王氏家族的门楣。他今年刚十六岁，除了学习六艺，书法绘画的
M1_2_Missing_301,瓦棺寺,Temple,江苏省南京市,"[118.77, 32.04]",历代名画记,卷五,《建康实录》云：“谢赫论江左画人，吴曹不兴、晋顾长康、宋陆探微皆为上品，余皆中、下品。连五十尺绢画一像，心敏手运，须臾立成。头面、手足、胸臆、肩背，亡遗失尺度。此其难也，曹不兴能之。”长康又曾于瓦棺寺北小殿画《维摩诘》，画迄，光彩耀目数日。《京师寺记》云：兴宁中，瓦棺寺初置，僧众设会，请朝贤鸣刹注疏。其时士大夫莫有过十万者，既至长康，直打刹注百万。长康素贫，众以为大言。后寺众请勾疏，长康曰：‘宜备一壁。’遂闭户往来一月余日，所画维摩诘一躯。工毕，将欲点眸子，乃谓寺僧曰：‘第一日，观者请施十万，第二日五万，第三日可任例责施。’及开户，光照一寺，施者填咽，俄而得百万钱。”
M1_2_Missing_364,铚县,Admin_Region,安徽省淮北市濉溪县,"[116.78, 33.91]",历代名画记,卷五,嵇康，字叔夜，谯国铚县人。他能作诗赋，善鼓琴，也擅长书法、绘画，仪表堂堂、风度翩翩。在曹魏时他官拜中散大夫，到西晋时便不再出任官职。嵇康自认为品行高洁，世人难以与其相配，因此能和他心神相交的，只有王戎、山涛等，被合称为“竹林七贤”而已。他生性灵巧，曾经和向秀一同在柳树下打铁。锺会是有权势的贵族公子，前去拜访嵇康，但嵇康却不以礼相待。锺会于是在晋文帝面前构陷嵇康，嵇康因此被杀，死时四十岁。见《晋书》。嵇康作品有《狮子击象图》《巢由图》流传于世。
M1_2_Missing_367,江州,Admin_Region,江西省九江市,"[115.99, 29.70]",历代名画记,卷五,温峤，字太真，太原祁人。秀朗有才鉴，善画。明帝时官至平南将军、江州刺史。年四十二。赠侍中大将军，追封始安公，谥曰武。见孙畅之《画记》，《晋史》。
M1_2_Missing_368,祁县,Admin_Region,山西省晋中市祁县,"[112.33, 37.35]",历代名画记,卷五,温峤，字太真，太原祁县人。他秀美俊朗且十分有才学和见识，善于绘画。晋明帝时官至平南将军、江州刺史。享年四十二岁。被追赠为侍中大将军，后又被追封为始安公，谥号武。事迹见孙畅之《述画记》，《晋史》也有记载。
M1_2_Missing_376,嘉祥寺,Temple,江苏省南京市,"[118.79, 32.06]",历代名画记,卷五,戴逵，字安道，谯郡铚人。幼有巧慧，聪悟博学，善鼓琴，工书画。为童儿时，以白瓦屑、鸡卵汁和溲作小碑子，为《郑玄碑》，时称“词美书精，器度巧绝”。其画古人山水极妙。十余岁时，于瓦棺寺中画，王长史见之云：“此儿非独能画，终享大名，吾恨不得见其盛时。”逵尝就范宣学，范见逵画，以为亡用之事，不宜虚劳心思。逵乃与宣画《南都赋》，范观毕，嗟叹，甚以为有益，乃亦学画。逵既巧思，又善铸佛像及雕刻。曾造无量寿木像，高丈六，并菩萨。逵以古制朴拙，至于开敬，不足动心，乃潜坐帷中，密听众论。所听褒贬，辄加详研，积思三年，刻像乃成。迎至山阴灵宝寺，郗超观而礼之，撮香誓曰（云云）。既而手中香勃然烟上，极目云际。前后征拜，终
M1_2_Missing_391,灵宝寺,Temple,浙江省绍兴市,"[120.58, 30.00]",历代名画记,卷五,戴逵，字安道，谯郡铚县人。幼年时灵巧聪慧，聪敏博学，善于弹琴，也长于书法绘画。当他还是儿童的时候，就能够用白瓦屑、鸡蛋清调和，捏成小的碑，作《郑玄碑》，当时的人都称赞他“文辞优美，书法精彩，气度灵巧，无与伦比”。他所画的古人山水图十分高妙。十余岁时他便能在瓦棺寺中作画，长史王濛看见以后说：“这小孩儿不单单能画画，将来终究会有大名气的，遗憾的是我不能看到他扬名天下的时候。”戴逵曾跟随范宣学习，范宣见他作画，认为绘画是无用之事，不应当空费许多心思。戴逵于是给范宣画了《南都赋图》，范宣看后，十分感叹，这才认为绘画是十分有用的，于是就让戴逵继续学画。戴逵既有巧妙的构思，同时又善于铸造佛像和雕刻。他曾塑
M1_2_Missing_416,天安寺,Temple,陕西省西安市,"[108.93, 34.27]",历代名画记,卷六,张怀瓘云：“顾、陆及张僧繇，评者各重其一，皆为当矣。陆公参灵酌妙，动与神会。笔迹劲利，如锥刀焉。秀骨清像，似觉生动，令人懔懔若对神明。虽妙极象中，而思不融乎墨外。夫象人风骨，张亚于顾、陆也。张得其肉，陆得其骨，顾得其神。神妙亡方，以顾为最。比之书，则顾、陆，锺、张也；僧繇，逸少也。俱为古今独绝，岂可以品第拘？”彦远以此论为当。有《宋孝武像》《宋明帝像》《孝武功臣》《竹林像》《豫章王像》《严龙像》《宋元微像》《羊玄宝像》《宋景和像》《蝉雀图》《建安山阳王像》《巴陵王像》《江陵王像》《江夏王像》《建平王像》《江智渊王悦像》《王粹像》《王嗣像》《阮田夫像》《勋臣像》《孙高丽像》《一人像》《勋贤像》《
M1_2_Missing_417,灵基寺,Temple,江苏省南京市,"[118.79, 32.06]",历代名画记,卷六,张怀瓘云：“顾、陆及张僧繇，评者各重其一，皆为当矣。陆公参灵酌妙，动与神会。笔迹劲利，如锥刀焉。秀骨清像，似觉生动，令人懔懔若对神明。虽妙极象中，而思不融乎墨外。夫象人风骨，张亚于顾、陆也。张得其肉，陆得其骨，顾得其神。神妙亡方，以顾为最。比之书，则顾、陆，锺、张也；僧繇，逸少也。俱为古今独绝，岂可以品第拘？”彦远以此论为当。有《宋孝武像》《宋明帝像》《孝武功臣》《竹林像》《豫章王像》《严龙像》《宋元微像》《羊玄宝像》《宋景和像》《蝉雀图》《建安山阳王像》《巴陵王像》《江陵王像》《江夏王像》《建平王像》《江智渊王悦像》《王粹像》《王嗣像》《阮田夫像》《勋臣像》《孙高丽像》《一人像》《勋贤像》《
M1_2_Missing_430,南豫州,Admin_Region,安徽省马鞍山市当涂县,"[118.49, 31.57]",历代名画记,卷六,《豫章王像》《建安山阳王像》《巴陵王像》《江陵王像》《江夏王像》《建平王像》《竟陵王像》《宋桂阳王宠姬像》，为陆探微绘制南朝宋宗室王系列画像。陆探微所画人物以“秀骨清像”为特征，极富时代特色，反映了当时社会中士族阶层的审美风尚。陆探微之画，师法顾恺之，笔迹紧劲、周密，被称为“密体”，后世谢赫、李嗣真、张彦远等均对其绘画有极高的评价。豫章王，指魏晋南北朝时期在豫章所分封的国王或者王爵，这里指刘子尚，刘宋孝武帝第二子，大明五年(461)封为豫章王，领会稽太守，早年为宋孝武帝宠爱，后失宠自尽，时年十六岁。《建安山阳王像》是刘休仁画像。刘休仁，宋文帝刘义隆第十二子，宋明帝刘彧弟，后被刘彧赐死，对外则宣
M1_2_Missing_432,扬州,Admin_Region,江苏省扬州市,"[119.41, 32.39]",历代名画记,卷六,《豫章王像》《建安山阳王像》《巴陵王像》《江陵王像》《江夏王像》《建平王像》《竟陵王像》《宋桂阳王宠姬像》，为陆探微绘制南朝宋宗室王系列画像。陆探微所画人物以“秀骨清像”为特征，极富时代特色，反映了当时社会中士族阶层的审美风尚。陆探微之画，师法顾恺之，笔迹紧劲、周密，被称为“密体”，后世谢赫、李嗣真、张彦远等均对其绘画有极高的评价。豫章王，指魏晋南北朝时期在豫章所分封的国王或者王爵，这里指刘子尚，刘宋孝武帝第二子，大明五年(461)封为豫章王，领会稽太守，早年为宋孝武帝宠爱，后失宠自尽，时年十六岁。《建安山阳王像》是刘休仁画像。刘休仁，宋文帝刘义隆第十二子，宋明帝刘彧弟，后被刘彧赐死，对外则宣
M1_2_Missing_434,南徐州,Admin_Region,江苏省镇江市,"[119.45, 32.20]",历代名画记,卷六,《豫章王像》《建安山阳王像》《巴陵王像》《江陵王像》《江夏王像》《建平王像》《竟陵王像》《宋桂阳王宠姬像》，为陆探微绘制南朝宋宗室王系列画像。陆探微所画人物以“秀骨清像”为特征，极富时代特色，反映了当时社会中士族阶层的审美风尚。陆探微之画，师法顾恺之，笔迹紧劲、周密，被称为“密体”，后世谢赫、李嗣真、张彦远等均对其绘画有极高的评价。豫章王，指魏晋南北朝时期在豫章所分封的国王或者王爵，这里指刘子尚，刘宋孝武帝第二子，大明五年(461)封为豫章王，领会稽太守，早年为宋孝武帝宠爱，后失宠自尽，时年十六岁。《建安山阳王像》是刘休仁画像。刘休仁，宋文帝刘义隆第十二子，宋明帝刘彧弟，后被刘彧赐死，对外则宣
M1_2_Missing_446,楚国,Admin_Region,湖北省荆州市,"[112.16, 30.35]",历代名画记,卷六,《王道隆像》《范惠景母子像》《王莹像》《庥(xiū)超之徐僧宝像》《朱异像》《锺期图》《殷洪像》《任侯伯像》《徐爰李献王凯像》《刘硕钱灵度像》《徐爰周饰之像》《谢超宗像》，以上所列是陆探微绘制的朝臣将军画像。王道隆，南朝宋时期大臣，吴兴乌程（今浙江湖州）人。初为主书，湘东王刘彧（宋明帝）镇彭城时，使补典签，署内监。宋明帝即位，封吴平县侯。后废帝刘昱时，官右军将军、太守。元徽二年(474)，桂阳王刘休范举兵造反，兵至新亭，乃率羽林军奔朱雀门御之，兵败被杀。范惠景母子，人物信息不详。王莹，字奉光，琅琊临沂（今山东临沂）人。南朝齐梁时期侍中、中书监、尚书令。父亲光禄大夫、南乡僖侯王懋，娶宋孝武帝之女
M1_2_Missing_449,青州,Admin_Region,山东省青州市,"[118.48, 36.68]",历代名画记,卷六,《王道隆像》《范惠景母子像》《王莹像》《庥(xiū)超之徐僧宝像》《朱异像》《锺期图》《殷洪像》《任侯伯像》《徐爰李献王凯像》《刘硕钱灵度像》《徐爰周饰之像》《谢超宗像》，以上所列是陆探微绘制的朝臣将军画像。王道隆，南朝宋时期大臣，吴兴乌程（今浙江湖州）人。初为主书，湘东王刘彧（宋明帝）镇彭城时，使补典签，署内监。宋明帝即位，封吴平县侯。后废帝刘昱时，官右军将军、太守。元徽二年(474)，桂阳王刘休范举兵造反，兵至新亭，乃率羽林军奔朱雀门御之，兵败被杀。范惠景母子，人物信息不详。王莹，字奉光，琅琊临沂（今山东临沂）人。南朝齐梁时期侍中、中书监、尚书令。父亲光禄大夫、南乡僖侯王懋，娶宋孝武帝之女
M1_2_Missing_452,广州,Admin_Region,广东省广州市,"[113.26, 23.13]",历代名画记,卷六,《王道隆像》《范惠景母子像》《王莹像》《庥(xiū)超之徐僧宝像》《朱异像》《锺期图》《殷洪像》《任侯伯像》《徐爰李献王凯像》《刘硕钱灵度像》《徐爰周饰之像》《谢超宗像》，以上所列是陆探微绘制的朝臣将军画像。王道隆，南朝宋时期大臣，吴兴乌程（今浙江湖州）人。初为主书，湘东王刘彧（宋明帝）镇彭城时，使补典签，署内监。宋明帝即位，封吴平县侯。后废帝刘昱时，官右军将军、太守。元徽二年(474)，桂阳王刘休范举兵造反，兵至新亭，乃率羽林军奔朱雀门御之，兵败被杀。范惠景母子，人物信息不详。王莹，字奉光，琅琊临沂（今山东临沂）人。南朝齐梁时期侍中、中书监、尚书令。父亲光禄大夫、南乡僖侯王懋，娶宋孝武帝之女
M1_2_Missing_476,吴县,Admin_Region,江苏省苏州市,"[120.58, 31.30]",历代名画记,卷六,陆探微，上品上。吴县人。刘宋明帝时，陆探微长期担任宋明帝的侍从。他的绘画技巧十分高妙，他的艺术作品最为工巧精致。在《宋书》中有他的盛名记载。
M1_2_Missing_483,吴郡,Admin_Region,江苏省苏州市,"[120.58, 31.30]",历代名画记,卷六,顾宝光，中品上。吴郡人。善书画。大明中为尚书、水部郎。见《宋书·陆探微传》云，司徒左曹掾。谢云：“全法陆家，事事宗禀。方之绥、倩则优。”在第四品蘧道愍下，王维、史道硕上。《射雉图》《豫章王像》《泰始名臣图》《宋竟陵王像》《瑾公像》《㶉鶒图》《张兴像》《泰始勋臣像》《王翼之像》《勋贤像》《褚渊衣架图》《天竺僧》（麻纸画）、《洛中车马斗鸡图》《越中风俗图》，并传于世。
M1_2_Missing_487,涅阳县,Admin_Region,河南省南阳市镇平县,"[112.23, 33.03]",历代名画记,卷六,宗炳，字少文，中品中。南阳郡涅阳县人。擅长书法、绘画。江夏王刘义恭曾把宗炳推荐给当时的宰相，希望他能入朝为官，但是前后多次征召，他最终都没有去任职。宗炳擅长琴艺、书法，喜好游山玩水。他曾西登荆山、巫山，南登衡山，之后在衡山筑屋，怀着隐逸高雅的志向居住过一段时间。但后来由于生病返回江陵，他感叹道：“啊！衰老和疾病一同向我袭来，名山大川恐怕是难以再游遍了，只能抛却心中杂念体会天地之道，坐卧观画，心游万里了。”于是，他将历年游历过的名山大川，统统画在墙上，无论起居坐卧，无时无刻不面对着它们观赏，宗炳高雅清静的襟怀达到如此的地步。他享年六十九岁。
M1_2_Missing_510,雁门,Admin_Region,山西省忻州市代县,"[112.95, 39.06]",历代名画记,卷六,《刘牢之小儿图》，刘牢之，字道坚，东晋彭城（今江苏徐州）人。雁门太守刘羲之孙，征虏将军刘建之子。刘牢之勇略过人，洛涧一战中他身先士卒，击斩前秦大将梁成，为晋军淝水之战的胜利打下了基础。接着在随后的北伐中屡建奇功，战勋卓著，威名远扬，是北府军的旗帜性人物。
M1_2_Missing_517,大兴寺,Temple,陕西省西安市,"[108.93, 34.27]",历代名画记,卷七,“梁”一节中，张彦远花费大量笔墨书写张僧繇。在卷二《论顾陆张吴用笔》一篇中，张彦远就按照笔法特点将张僧繇划分为“疏体”，体现了对其在画史地位的认可。本卷中，张彦远详细评述，将他的品第定为上品中，除姓名、籍贯、官职、作品外，记述了三则带有神话色彩的故事，用以体现张僧繇绘画具有生动性，画画能得其“神”。张僧繇的绘画艺术除继承中国传统绘画技法以外，还充分吸收外来艺术形式，他所生活的年代正是梁武帝萧衍大力发展佛教，大兴寺庙建设，同时与西域、中亚佛教国家往来频繁的时期。“武帝崇饰佛寺，多命僧繇画之。”作为被公认的佛教画家，张僧繇创造出独特的“凹凸”画法，这种画法使得作品更具有立体感。张彦远在梳理人物基本
M1_2_Missing_526,宣城,Admin_Region,安徽省宣城市,"[118.75, 30.94]",历代名画记,卷七,刘系宗，丹阳人。少便书画，在宋为景陵王子景粹侍书，入齐为东宫侍书，官至骠骑将军、宣城太守。《南齐书》具载。
M1_2_Missing_537,彭城,Admin_Region,江苏省徐州市,"[117.18, 34.27]",历代名画记,卷七,刘瑱，字士温，下品，彭城人。少聪慧，多才艺，工书画。饮酒至数斗。画嫔嫱，当代第一。官至吏部郎。见《南齐书》。
M1_2_Missing_561,兰陵,Admin_Region,山东省临沂市兰陵县,"[117.91, 34.85]",历代名画记,卷七,萧贲，字文奂，下品。兰陵人。多词学，工书画。曾于扇上画山水，咫尺内万里可知。仕梁，为河东太守。见《梁书》。
M1_2_Missing_570,丹阳秣陵,Admin_Region,江苏省南京市,"[118.79, 32.06]",历代名画记,卷七,陶弘景，字通明，丹阳秣陵人。幼有异操，年十岁，得葛洪《神仙传》，便有长生之志。喜琴棋，工草隶，征为诸王侍读。永明十年辞禄，遂止于句曲山，自号华阳隐居。好著述，明众艺，善书画。大同二年卒，年八十五。赠中散大夫，谥曰贞白先生。见《梁书·处士传》。
M1_2_Missing_577,天皇寺,Temple,湖北省荆州市,"[112.23, 30.33]",历代名画记,卷七,张僧繇，上品中。吴中人也。天监中，为武陵王国侍郎、直秘阁，知画事。历右军将军、吴兴太守。武帝崇饰佛寺，多命僧繇画之。时诸王在外，武帝思之，遣僧繇乘传写貌，对之如面也。江陵天皇寺，明帝置，内有柏堂，僧繇画《卢舍那佛像》及《仲尼十哲》。帝怪问：“释门内如何画孔圣？”僧繇曰：“后当赖此耳。”及后周灭佛法，焚天下寺塔，独以此殿有宣尼像，乃不令毁拆。
M1_2_Missing_582,安乐寺,Temple,江苏省南京市,"[118.79, 32.06]",历代名画记,卷七,又，金陵安乐寺画四白龙不点眼睛，每云：“点睛即飞去。”人以为妄诞，固请点之。须臾，雷电破壁，两龙乘云腾去上天，二龙未点眼者见在。初，吴曹不兴图《青溪龙》，僧繇见而鄙之，乃广其像于武帝龙泉亭，其画草留在秘阁，时未之重。至太清中，震龙泉亭，遂失其壁，方知神妙。
M1_2_Missing_609,灵嘉寺,Temple,江苏省南京市,"[118.79, 32.06]",历代名画记,卷七,僧繇子善果。中品。或作“张果”。李嗣真云：“既渐过庭之训，犹是名家之驹，标置点拂，殊多佳致。时有合作，乱真于父。若长辔远途，迹不迨意，一篇之中，自有玉石。”在田、杨之下，郑法轮之上。《悉达太子纳妃图》《灵嘉寺塔样》传于代。
M1_2_Missing_638,博昌县,Admin_Region,山东省滨州市博兴县,"[118.12, 37.12]",历代名画记,卷八,蒋少游，乐安郡博昌县人。聪慧机巧，工书法、绘画，擅长画人物和雕刻。他尽管很有才学，但却经常身处雕刻、木工等营造之间，常常做着筑园、挖湖、建城、盖楼之类的活，所以认识他的人都为他感到惋惜。但蒋少游却很坦然，他把这些事情都当做自己的职责，从来不抱怨疲惫辛劳。他担任将作大匠、太常少卿、前将军、都水使者，四个官职兼任于一身。死后被追赠为龙骧将军、青州刺史，谥号质。传记见于《后魏书》。当时有郭善明、侯文和、柳俭、闵文和和郭道兴，他们几人皆因为有巧妙的创意而著称于世。
M1_2_Missing_648,司州,Admin_Region,河南省洛阳市,"[112.45, 34.62]",历代名画记,卷八,高孝珩，世宗第二子，封广宁郡王、尚书令、大司徒、司州牧。博涉多才艺。尝于厅事壁上画苍鹰，睹者疑其真，鸠、雀不敢近。又画《朝士图》，当时绝妙。为周师所虏，授开封县侯。孝珩亦善音律，周武宴齐君臣，自弹琵琶，命孝珩吹笛。见《北齐书》。
M1_2_Missing_699,光明寺,Temple,陕西省西安市,"[108.94, 34.26]",历代名画记,卷八,李云：“田、杨声侔董、展。”昔田、杨与郑法士同于京师光明寺画小塔，郑图东壁、北壁，田图西壁、南壁，杨画外边四面，是称“三绝”。杨以簟蔽画处，郑窃观之，谓杨曰：“卿画终不可学，何劳鄣蔽？”杨特托以婚姻，有对门之好。又求杨画本，杨引郑至朝堂，指宫阙、衣冠、车马曰：“此是吾画本也。”由是郑深叹服。光明寺后为大云寺，今长安怀远里也。又宝刹寺一壁《佛涅槃变》《维摩》等，亦为妙作。与田同品。《隋朝正会图》《幸洛阳图》《豆卢宁像》《贵戚游宴图》《杂佛变》传于代。
M1_2_Missing_718,于阗国,Admin_Region,新疆和田地区,"[79.92, 37.11]",历代名画记,卷八,尉迟跋质那，西域于阗国人。擅长画外国风貌和佛像，在当时享有盛名，现今人们称他为“大尉迟”。他的作品有《六番图》《外国宝树图》，又有《婆罗门图》流传于世。
M1_2_Missing_725,凌烟阁,Building/Studio,陕西省西安市,"[108.94, 34.27]",历代名画记,卷九,张彦远本卷所述，是唐朝前期绘画艺术的状况，其大致时间可以概括为从唐朝开国到唐玄宗天宝年间中期。唐代绘画是中国封建社会绘画发展的一个巅峰，其艺术成就大大超过以往各代。初唐绘画即呈现出不寻常的局面。唐太宗在巩固政权的同时也注重文治建设，积极营建凌烟阁并绘制《凌烟阁二十四功臣像》，重用阎立德、阎立本兄弟及尉迟乙僧进行绘画活动。唐高宗李治至唐玄宗李隆基统治时期，在政权稳定、社会富庶的基础上，文化出现了丰富多彩、百舸争流的局面，这一时期涌现了一大批丹青妙手，吴道子及其画派体现了佛教美术本土化的巨大成就，钱国养、殷季友、法明等人的肖像画，张萱、杨宁的绮罗人物画，陈闳、韦无忝、曹霸、韩幹的鞍马画，李思训李昭
M1_2_Missing_731,雍州,Admin_Region,陕西省西安市,"[108.93, 34.27]",历代名画记,卷九,《秦府十八学士驾真图》序曰：“武德四年，太宗皇帝为太尉、尚书令、雍州牧、左右卫大将军，新命为天策上将军，位在‘三公’上。乃锐意经籍，怡神艺学，开学馆以待四方之士、乃降教曰：‘昔楚国尊贤，存道先于申、穆；梁园接士，比德至于邹、枚。咸以著范前修，垂光后烈，顾惟菲薄，多谢古人。高山仰止，能亡景慕？于是芳兰始被，深冠盖之游；丹桂初丛，广旄俊之士。既而场苗盖寡，空留皎皎之姿；乔木徒迁，终愧嘤嘤之友。所冀通人正训，匡其阙如。侧席亡倦于齐庭，开筵有惭于燕馆。属大行台、司勋郎中杜如晦，记室、考功郎中房玄龄及于志宁，军谘祭酒苏世长，天策府记室薛收，文学褚亮、姚察，太学博士陆德明、孔颖达，主簿李玄道，天策仓曹李守
M1_2_Missing_790,南薰殿,Building/Studio,陕西省西安市,"[108.96, 34.25]",历代名画记,卷九,陈义，唐初时丞相陈叔达的玄孙，特别擅长人物肖像。唐玄宗年少时和他交往密切，因此受到特别隆重的礼遇，任职武德殿使、南薰殿使、中尚使等，后又担任银青光禄大夫、少府监。
M1_2_Missing_793,含象亭,Building/Studio,陕西省西安市,"[108.96, 34.25]",历代名画记,卷九,法明，开元十一年，敕令写貌，丽正殿诸学士，欲画像书赞于含象亭，以车驾东幸，遂停。初诏殷、季友、无忝等分貌之，粉本既成，迟回未上绢。张燕公以画人手杂，图不甚精，乃奏追法明，令独貌诸学士。法明尤工写貌，图成进之，上称善，藏其本于画院。后数年，上更索此图，所由惶惧，赖康子元先写得一本以进，上令却送画院，子元复自收之。子元卒，其子货之，莫知所在，今传拓本。张说、徐坚、贺知章、赵冬曦、康子元、侯行果、韦述、敬会真、赵玄默、东方颢、李子钊、吕向、毋煚、陆去泰、咸廙业、余钦、孙季良，都十七人，其官爵具韦述《集贤记》下卷。
M1_2_Missing_794,丽正殿,Building/Studio,陕西省西安市,"[108.95, 34.26]",历代名画记,卷九,法明，开元十一年，敕令写貌，丽正殿诸学士，欲画像书赞于含象亭，以车驾东幸，遂停。初诏殷、季友、无忝等分貌之，粉本既成，迟回未上绢。张燕公以画人手杂，图不甚精，乃奏追法明，令独貌诸学士。法明尤工写貌，图成进之，上称善，藏其本于画院。后数年，上更索此图，所由惶惧，赖康子元先写得一本以进，上令却送画院，子元复自收之。子元卒，其子货之，莫知所在，今传拓本。张说、徐坚、贺知章、赵冬曦、康子元、侯行果、韦述、敬会真、赵玄默、东方颢、李子钊、吕向、毋煚、陆去泰、咸廙业、余钦、孙季良，都十七人，其官爵具韦述《集贤记》下卷。
M1_2_Missing_823,东山亭,Building/Studio,河南省洛阳市,"[112.45, 34.62]",历代名画记,卷九,武静藏，善画鬼神，有气韵。东都敬爱寺东山亭院，地狱变画，甚妙。
M1_2_Missing_857,集贤院,Building/Studio,陕西省西安市,"[108.95, 34.26]",历代名画记,卷九,朱抱一，开元二十二年在集贤院任直学士。善画人物肖像画，他画的张果先生的肖像非常逼真，这些绘画被当时那些喜好绘画的人士所追捧传颂。
M1_2_Missing_862,陈郡,Admin_Region,河南省周口市淮阳区,"[114.88, 33.73]",历代名画记,卷九,殷令名，陈郡人。父不害，累代工书画。
M1_2_Missing_866,申州,Admin_Region,河南省信阳市,"[114.09, 32.14]",历代名画记,卷九,闻礼子仲容，天后任太仆、秘书丞、工部郎中、申州刺史。善书画，工写貌及花鸟，妙得其真。或用墨色，如兼五采。
M1_2_Missing_868,狮子国,Admin_Region,斯里兰卡,"[80.77, 7.87]",历代名画记,卷九,僧金刚三藏，狮子国人。善西域佛像，运笔持重，非常画可拟。东京广福寺木塔下素像，皆三藏起样。
M1_2_Missing_869,广福寺,Temple,河南省洛阳市,"[112.45, 34.62]",历代名画记,卷九,僧金刚三藏，狮子国人。善西域佛像，运笔持重，非常画可拟。东京广福寺木塔下素像，皆三藏起样。
M1_2_Missing_875,阳台观,Temple,河南省济源市,"[112.38, 35.13]",历代名画记,卷九,司马承祯，字子微，自梁陶隐居至先生，四世传授仙法。开元中自天台征至，天子师之。十五年，至王屋山，敕造阳台观居之。尝画于屋壁，又工篆、隶，词采众艺，皆类于隐居焉。制雅琴镇铭，美石为之，词刻精绝。开元中，彦远高王父河东公获受教于先生。玄宗皇帝制碑，具述其妙。二十三年尸解，白云从堂户出，双鹤绕坛而上。年八十一，谥贞一先生。
M1_2_Missing_880,楚州,Admin_Region,江苏省淮安市,"[119.14, 33.50]",历代名画记,卷九,释翛然，俗姓裴氏，楚州刺史思训之子。为人恢诞，强学不成一名。好朋从诗酒。善丹青，工山水，晓解丝竹。卒年三十九。开元中，尝夜醉，卧街犯禁，乃为诗曰：“遮莫冬冬鼓，须倾满满杯。金吾如借问，报道玉山颓。”官不罪之。或云道士。
M1_2_Missing_906,清源寺,Temple,陕西省蓝田县,"[109.32, 34.15]",历代名画记,卷十,王维，字摩诘，太原祁人。年十九，进士擢第，与弟缙并以词学知名，官至尚书右丞。有高致，信佛理，蓝田南置别业，以水木琴书自娱。工画山水，体涉今古。人家所蓄，多是右丞指挥工人布色。原野簇成，远树过于朴拙，复务细巧，翻更失真。清源寺壁上画辋川，笔力雄壮。常自制诗曰：“当世谬词客，前身应画师。不能舍余习，偶被时人知。”诚哉是言也。余曾见破墨山水，笔迹劲爽。
M1_2_Missing_912,雁门郡,Admin_Region,山西省忻州市代县,"[112.95, 39.06]",历代名画记,卷十,田琦，雁门郡人。是武德年间的功臣、兵部尚书田德平的儿子。善画人物写生画，官至汝南太守。尤其擅长书写八分书和小篆，有画作《洪崖子橘术图》流传于世。
M1_2_Missing_965,河南府,Admin_Region,河南省洛阳市,"[112.45, 34.62]",历代名画记,卷十,裴谞，字士明，河东人。以明经科考取进士，所画山水构思极巧妙。贞元年间，担任吏部侍郎兼御史大夫，贞元四年为太子宾客、左散骑常侍，贞元五年为兵部侍郎、河南府尹。贞元九年去世，享年七十五岁，追赠兵部尚书。
M1_2_Missing_4,大理寺,Building/Studio,陕西省西安市,"[108.93, 34.27]",历代名画记,Unknown,张彦远，字爱宾，蒲州猗氏（今山西临猗）人，约活动于815—879年间。古人治学，尤其是从事书画品鉴的文人学者，多半出生于名门世家，大量的私人卷藏是培养其审美素养、搭建学术框架的必要物质条件，张彦远即是如此。他出生于“三相张家”，其高祖张嘉贞、曾祖张延赏、祖父张弘靖、父亲张文规都在朝廷身居高位，张彦远本人也曾担任左补阙、礼部主客员外郎、大理寺卿等职务。张家独具“三世收藏法书名画”的得天独厚条件，为其撰写《历代名画记》提供了可能性。张彦远自幼在艺术氛围的熏陶下成长，他在积极参与家族购买收藏书画作品的同时，认真研读了前人撰写的绘画论著。之后由于战乱、动乱的破坏导致大量珍贵书画遗失或被毁，张彦远在痛心
