work_id,title,creator_ref,period_ref,icon_ref,status,support,dimensions,repository,source_book,source_chapter,source_text
work_wangqihan_001,十六羅漢,王齊翰,宋,佛教,佚失,卷轴,,诈称李贵; 刘元嗣; 相国寺; 内府,《圣朝名画评》,卷一,有步卒李貴者徑入佛廟，得齊翰所畫十六羅漢。俄鬻於市，有富商劉元嗣以白金四百兩請售。元嗣入都，復質於相國寺普滿塔主清教處。...後十六日即位，名曰應運國寶羅漢，藏於秘府。
work_wangshiyuan_001,武王誓師獨夫崇飲圖,王士元,宋,历史故事,存佚不详,卷轴,,画院,《圣朝名画评》,卷一,士元乃沉默思慮，采唐來諸家之長，為《武王誓師獨夫崇飲圖》。...孫氏不敢私有，進於天子，下圖畫院品第之。
work_houyi_001,七夕乞巧圖,侯翌,宋,风俗,存佚不详,卷轴,,私藏(市肆),《圣朝名画评》,卷一,予至和中於閭巷見挈一舊圖...乃翌所畫七夕乞巧圖也。
work_poushixun_001,車服冠冕神鬼圖,蒲師訓,宋,风俗,存佚不详,卷轴,,私藏,《圣朝名画评》,卷一,長於車服、冠冕、旌旗、器械、神鬼等圖。
work_huangquan_001,袁氏真,黃筌,宋,肖像,存佚不详,壁画,,蜀宫,《圣朝名画评》,卷一,寫僞後袁氏真，張於別殿，嬪御屬目，更深攀慕。
work_huangquan_002,秋山圖,黃筌,宋,山水,存佚不详,卷轴,,私藏,《圣朝名画评》,卷二,僞蜀孟昶時嘗寫秋山圖，至今猶傳。
work_huangjucai_001,秋山圖,黃居寀,宋,山水,存佚不详,卷轴,,翰林院(陶谷),《圣朝名画评》,卷一,陶尚書(穀)在翰苑...乃展《秋山圖》令品第之。居寀斂容再拜曰：“某與父筌所為也。”
work_huangjucai_002,黃筌真,黃居寀,宋,肖像,存佚不详,卷轴,,翰林院(陶谷),《圣朝名画评》,卷一,穀命居寀追寫父真，為當時所重。
work_huangjucai_003,西伯獵渭圖,黃居寀,宋,历史故事,存佚不详,卷轴,,唐紫微宅,《圣朝名画评》,卷一,愚嘗於唐紫微第見居寀畫《西伯獵渭圖》及父筌真像，皆得其妙。
work_huangjucai_004,黃筌真像,黃居寀,宋,肖像,存佚不详,卷轴,,唐紫微宅,《圣朝名画评》,卷一,愚嘗於唐紫微第見居寀畫《西伯獵渭圖》及父筌真像，皆得其妙。
work_sunzhiwei_001,釋老事迹,孫知微,宋,道释,存佚不详,壁画,,蜀中寺观,《圣朝名画评》,卷一,蜀中寺觀多有親筆，畫釋老事迹。
work_mengxian_001,佛像人物車馬壁畫,孟顯,宋,道释/风俗,存佚不详,壁画,,孟氏宅,《圣朝名画评》,卷一,嘗於本郡孟氏舍揮數壁，皆有精意。
work_zhouwenju_001,南莊圖,周文矩,南唐,山水,存佚不详,卷轴,,宋内府,《圣朝名画评》,卷一,僞昇元中，命圖南莊，最為精備。開賣中，煜貢之，藏於秘府。
work_zhangfang_001,三清殿天女奏音樂像,張昉,宋,道释,已毁,壁画,高丈余,玉清昭应宫,《圣朝名画评》,卷一,大中祥符中，玉清昭應宮成，召昉畫三清殿天女奏音樂像...未及加彩繪而去。
work_zhangfang_002,護法善神,張昉,宋,道释,存佚不详,壁画,,汝南开元寺,《圣朝名画评》,卷一,於本郡開元寺畫護法善神，最為精緻。
work_wangduan_001,真廟及章獻明肅太后聖容,王端,宋,肖像,未完,壁画,,宫廷/寺观,《圣朝名画评》,卷一,詔寫真廟及章獻明肅太后聖容於石壁，未絕筆而端卒。
work_wangduan_002,東壁煙嵐雲嶂,王端,宋,山水,存佚不详,壁画,,相国寺净土院,《圣朝名画评》,卷二,今相國寺净土院北支條院有端所畫東壁，其煙嵐雲嶂之勢，皆得其趣。
work_goulongshuang_001,中古人物,勾龍爽,宋,人物,存佚不详,卷轴,,画院,《圣朝名画评》,卷一,善作中古人物，其狀質野，觀者有返樸之意焉。
work_chenyongzhi_001,龍水花竹屏,陳用志,宋,山水/花鸟,存佚不详,屏风,,慈孝寺,《圣朝名画评》,卷一,今上營慈孝寺，敕用志及待詔等筆東殿御座側...屏上為龍水，飾以花竹。
work_chenyongzhi_002,半幅紙絹,陳用志,宋,风俗,存佚不详,卷轴,,私藏,《圣朝名画评》,卷一,用志但以半幅紙絹，信筆自適，故其跡甚少。
work_chenyongzhi_003,祥源觀東位壁,陳用志,宋,山水,已毁,壁画,,祥源观,《圣朝名画评》,卷二,畫祥源觀東位壁，磊落峭拔，布千里之景。以慶曆中火，今無有矣。
work_chenyongzhi_004,出雲山水壁,陳用志,宋,山水,存佚不详,壁画,丈余,文潞公宅,《圣朝名画评》,卷二,文潞公宅有用志出雲山水壁，高丈餘，宛有不崇朝雨天下之意。
work_lizhaoqing_001,觀音,李兆慶,宋,道释,存佚不详,卷轴/壁画,,公私,《圣朝名画评》,卷一,攻佛像，尤長於觀音。凡畫古今人物，至於衣紋生熟，亦能分別。
work_wangjianji_001,太一西壁,王兼濟,宋,道释,存佚不详,壁画,,西京南三圣殿,《圣朝名画评》,卷一,同於本京南三聖殿畫太一，兼濟乃西壁焉。
work_wangjianji_002,聖帝入隊,王兼濟,宋,道释,存佚不详,壁画,,中岳天封观,《圣朝名画评》,卷一,中岳天封觀西壁聖帝入隊，亦兼濟之筆。
work_yangfei_001,二神,楊斐,宋,道释,存佚不详,壁画,二丈余,泗州普光王寺,《圣朝名画评》,卷一,於泗州普光王寺畫二神，高二丈餘，其容色威勢，有足觀者。
work_gaowenjin_001,相國寺高益畫壁(摹本),高文進,宋,道释,存佚不详,壁画,,相国寺,《圣朝名画评》,卷一,相國寺高益畫壁...後移於壁...遂與李用及、李象坤翻傳舊本於壁。
work_gaowenjin_002,五臺峨眉文殊普賢變相,高文進,宋,道释,存佚不详,壁画,,相国寺后门,《圣朝名画评》,卷一,文進自畫後門裏東西二壁五臺峨眉文殊普賢變相。
work_gaowenjin_003,北方天王,高文進,宋,道释,存佚不详,壁画,,相国寺殿后,《圣朝名画评》,卷一,及後門西壁神、大殿後北方天王等。
work_gaowenjin_004,東太一宮貴神列位,高文進,宋,道释,存佚不详,壁画,,东太一宫,《圣朝名画评》,卷一,敕同畫東太一宮貴神列位。
work_gaowenjin_005,九曜院羅漢,高文進,宋,道释,存佚不详,壁画,,景德寺,《圣朝名画评》,卷一,今景德寺後九曜院羅漢及東壁藥師琉璃光佛，皆文進所畫也。
work_gaowenjin_006,藥師琉璃光佛,高文進,宋,道释,存佚不详,壁画,,景德寺东壁,《圣朝名画评》,卷一,今景德寺後九曜院羅漢及東壁藥師琉璃光佛，皆文進所畫也。
work_zhaoyuanchang_001,周天象,趙元長,后蜀,天文,存佚不详,卷轴,,蜀宫廷,《圣朝名画评》,卷一,謂臣能畫，所寫者周天象耳。
work_zhaoyuanchang_002,馴雉,趙元長,宋,花鸟,存佚不详,壁画,,禁中,《圣朝名画评》,卷一,常備禁中之役，畫馴雉於御座。
work_zhaoyuanchang_003,應運國寶羅漢(摹本),趙元長,宋,道释,存佚不详,卷轴,,朝廷,《圣朝名画评》,卷一,及命摹寫王齊翰應運國寶羅漢，深得其法。
work_gaoyuanheng_001,從駕兩軍角抵戲場圖,高元亨,宋,风俗,存佚不详,卷轴,,画院,《圣朝名画评》,卷一,嘗畫從駕兩軍角抵戲場圖，寫其觀者，四合如堵...
work_sunhuaishuo_001,寫意圖,孫懷朔,宋,风俗,存佚不详,卷轴,,私藏,《圣朝名画评》,卷一,乘興命筆，往往稱絕。多為好事者取去。
work_nanjian_001,少微星,南簡,宋,人物,存佚不详,卷轴,,刘公家藏,《圣朝名画评》,卷一,故相國劉公有簡畫少微星一軸，甚有氣韻。
work_wangdaozhen_001,寶志化十二面觀音相,王道真,宋,道释,存佚不详,壁画,,相国寺西偏门,《圣朝名画评》,卷一,及於大殿西偏門南面東壁畫寶志化十二面觀音相。
work_wangdaozhen_002,大神,王道真,宋,道释,存佚不详,壁画,,相国寺北门,《圣朝名画评》,卷一,又與文進對畫寺庭北門東面大神。
work_mougu_001,安南王黎桓並臣佐真像,牟谷,宋,肖像,存佚不详,卷轴,,朝廷,《圣朝名画评》,卷一,密令偏寫安南王黎桓並臣佐真像。
work_mougu_002,先帝御容,牟谷,宋,肖像,存佚不详,卷轴,,建隆观(张挂),《圣朝名画评》,卷一,會上幸建隆觀，以所畫先帝御容張於戶外。
work_yuanai_001,太宗御容,元靄,宋,肖像,存佚不详,卷轴,,朝廷,《圣朝名画评》,卷一,時上幸後苑賞春方還，烏巾插花，天姿和暢，靄一揮而成。
work_yuanai_002,大悲菩薩,元靄,宋,道释,存佚不详,壁画,,开宝寺西经藏院,《圣朝名画评》,卷一,亦嘗畫本寺西經藏院後大悲菩薩。
work_yuanai_003,先帝側座御容,元靄,宋,肖像,存佚不详,卷轴,,朝廷,《圣朝名画评》,卷一,章聖即位，召靄寫先帝側座御容。
work_yuanai_004,楊懷吉像,元靄,宋,肖像,存佚不详,粉本,,画院,《圣朝名画评》,卷一,此楊懷吉也，何倉卒間圖寫，筆法如是精妙!
work_yinzhi_001,燕恭肅王真,殷質,宋,肖像,存佚不详,卷轴,,燕恭肃王,《圣朝名画评》,卷一,燕恭肅王召質寫真，特優禮之。
work_yinzhi_002,宣獻宋公像(草本),殷質,宋,肖像,未完,粉本,,宋绶家,《圣朝名画评》,卷一,景祐中宣獻宋公薨，請質追寫...但草成儀像...
work_shike_001,五丁開山,石恪,宋,人物,存佚不详,卷轴,,公私,《圣朝名画评》,卷一,嘗畫《五丁開山》、《巨靈擘太華圖》，其氣韻剛峭。
work_shike_002,巨靈擘太華圖,石恪,宋,人物,存佚不详,卷轴,,公私,《圣朝名画评》,卷一,嘗畫《五丁開山》、《巨靈擘太華圖》，其氣韻剛峭。
work_chenshiyuan_001,屋宇人物,陳士元,宋,风俗,存佚不详,卷轴,,私藏,《圣朝名画评》,卷一,至於屋宇、亭榭...皆如王士元之跡。
work_wangzhuo_001,五百靈官,王拙,宋,道释,已毁,壁画,,玉清昭应宫,《圣朝名画评》,卷一,乃畫本宮五百靈官、衆天女朝元等壁，天聖中失之矣。
work_wangzhuo_002,衆天女朝元,王拙,宋,道释,已毁,壁画,,玉清昭应宫,《圣朝名画评》,卷一,乃畫本宮五百靈官、衆天女朝元等壁，天聖中失之矣。
work_wangjuzheng_001,士女,王居正,宋,人物,存佚不详,卷轴,,私藏,《圣朝名画评》,卷一,師周昉士女，略得其妙。
work_yejincheng_001,醉道士圖,葉進成,宋,风俗,存佚不详,卷轴,,杨直讲家,《圣朝名画评》,卷一,楊直講家有進成《醉道士圖》，觀其趨嚮清野，陶然相樂。
work_yanwengui_001,七夕夜市圖,燕文貴,宋,风俗,存佚不详,卷轴,,私藏(天门街售),《圣朝名画评》,卷一,嘗畫《七夕夜市圖》(自安業界北頭向東至潘樓竹木市盡存)，狀其浩穰之所。
work_yanwengui_002,舶船渡海像,燕文貴,宋,风俗,存佚不详,卷轴,小(不盈尺),富商高氏,《圣朝名画评》,卷一,富商高氏家有文貴畫《舶船渡海像》本，大不盈尺，舟如葉...
work_yerenyu_001,維揚春市圖,葉仁遇,宋,风俗,存佚不详,卷轴,,唐紫微宅,《圣朝名画评》,卷一,唐紫微家有仁遇《維揚春市圖》，狀其土俗繁浩...
work_haircheng_001,佛道鬼神,郝澄,宋,道释,存佚不详,卷轴,,私藏,《圣朝名画评》,卷一,於佛道鬼神尤長。
work_maowenchang_001,村僮入學圖,毛文昌,宋,风俗,存佚不详,卷轴,,私藏,《圣朝名画评》,卷一,又為《村僮入學圖》，其行步動止，拜立誦寫，備其風概。
work_licheng_001,六幅冰綃(山水),李成,宋,山水,存佚不详,屏风(推测),六幅,曹武惠王府,《圣朝名画评》,卷二,於曹武惠王第見成山水圖，愛之不已，有詩曰：“六幅冰綃掛翠庭...”
work_fankuan_001,山水,範寬,宋,山水,存佚不详,卷轴/壁画,,公私,《圣朝名画评》,卷二,範寬以山水知名...真石老樹，挺生筆下。
work_gaokeming_001,四時景,高克明,宋,山水,存佚不详,壁画,,章圣阁,《圣朝名画评》,卷二,詔克明代之(鮑國資)...上命畫臣鮑國資畫四時景於章聖閣。
work_gaokeming_002,春龍起蟄圖,高克明,宋,山水/龙,存佚不详,卷轴,,富商陈永,《圣朝名画评》,卷二,淮海富商陳永，以百千求《春龍起蟄圖》。
work_xudaoning_001,居壁及屏風,許道寧,宋,山水,存佚不详,壁画/屏风,,张文懿宅,《圣朝名画评》,卷二,相國寺張文懿公令道寧畫其居壁及屏風等。
work_chenyongzhi_005,祥源觀東位壁,陳用志,宋,山水,已毁,壁画,,祥源观,《圣朝名画评》,卷二,畫祥源觀東位壁，磊落峭拔，布千里之景。
work_huanghuaiyu_001,秋山圖,黃懷玉,宋,山水,存佚不详,卷轴,八轴,都下中贵家,《圣朝名画评》,卷二,今都下中貴家有懷玉《秋山圖》八幅...有範生之風。
work_zhaiyuanshen_001,峯巒之景,翟院深,宋,山水,存佚不详,卷轴,,郡斋,《圣朝名画评》,卷二,一日郡中醼客作樂...翊日命院深為畫，果有竦突之勢。
work_liuyong_001,山水,劉永,宋,山水,存佚不详,卷轴,,私藏,《圣朝名画评》,卷二,至於樹石濺撲，甚不相遠...
work_juran_001,煙嵐曉景,巨然,宋,山水,存佚不详,壁画,,学士院,《圣朝名画评》,卷二,畫煙嵐曉景於學士院壁，當時稱絕。
work_juran_002,故事山水,巨然,宋,山水,存佚不详,卷轴,二轴,蔡挺家,《圣朝名画评》,卷二,度支蔡員外挺家有巨然畫故事山水二軸，而古峰峭拔，宛立風骨。
work_zhaogan_001,江行圖,趙幹,南唐,山水,存佚不详,卷轴,,蔡挺家,《圣朝名画评》,卷二,今度支蔡員外家有幹《江行圖》一軸，深得浩渺之意。
work_liyin_001,五岳,李隱,宋,山水,已毁,壁画,,会灵观,《圣朝名画评》,卷二,大中祥符初營會靈觀，命隱圖五岳於壁。
work_liyin_002,五聖帝座後扆山水,李隱,宋,山水,已毁,屏风,,会灵观,《圣朝名画评》,卷二,又於五聖帝座後扆上皆寫山水。
work_pangchongmu_001,山水列壁,龐崇穆,宋,山水,存佚不详,壁画,,玉清昭应宫,《圣朝名画评》,卷二,大中祥符初營玉清昭應宮，召入畫山水列壁...
work_caorenshi_001,水,曹仁希,宋,山水(水),存佚不详,卷轴,,私藏,《圣朝名画评》,卷二,善畫水...凡為驚濤怒浪...
work_zhaoguangfu_001,蕃馬,趙光輔,宋,走兽,存佚不详,卷轴,,私藏,《圣朝名画评》,卷二,尤善畫蕃馬...故光輔無一毛之失。
work_zhaomiaozhuo_001,伏崖高視虎,趙邈卓,宋,走兽,存佚不详,卷轴,,文潞公宅,《圣朝名画评》,卷二,文潞公...家有邈卓所畫一虎(文公者伏崖高視)。
work_zhaomiaozhuo_002,當風舐掌虎,趙邈卓,宋,走兽,存佚不详,卷轴,,王侍郎家,《圣朝名画评》,卷二,王侍郎家各有邈卓所畫一虎...王公者當風舐掌。
work_zhaomiaozhuo_003,真本虎,趙邈卓,宋,走兽,存佚不详,卷轴,,华州王法掾家,《圣朝名画评》,卷二,真本為華州王法掾所收...
work_peiwenxian_001,水牛,裴文睍,宋,走兽,存佚不详,卷轴,,私藏,《圣朝名画评》,卷二,畫水牛，為當時第一。
work_chenshiyuan_002,嘉慶圖,陳士元,宋,人物,存佚不详,,,,《圣朝名画评》,卷一,嘉慶圖、人物皆妙。
work_wangzhuo_003,天女朝元,王拙,宋,道释,存佚不详,,,,《圣朝名画评》,卷一,畫五百靈官、天女朝元，皆稱合作。
work_yejincheng_002,醉道士圖,葉進成,宋,道释,存佚不详,,,,《圣朝名画评》,卷一,嘗畫《醉道士圖》，觀者莫不解頤。
work_yanwengui_003,七夕夜市圖,燕文貴,宋,风俗,存佚不详,,,,《圣朝名画评》,卷一,畫《七夕夜市圖》，極其繁富。
work_yanwengui_004,舶船渡海像,燕文貴,宋,风俗,存佚不详,,,,《圣朝名画评》,卷一,《舶船渡海像》，大為精備。
work_yerenyu_002,維揚春市圖,葉仁遇,宋,风俗,存佚不详,,,,《圣朝名画评》,卷一,畫《維揚春市圖》，狀且精緻。
work_haocheng_001,人馬圖,郝澄,宋,人物,存佚不详,,,,《圣朝名画评》,卷一,長於畫人馬。
work_maowenchang_002,江村晚釣,毛文昌,宋,风俗,存佚不详,,,,《圣朝名画评》,卷一,《村僮入學圖》、《江村晚釣》、《郊居豐稔》...皆為精絕。
work_maowenchang_003,郊居豐稔,毛文昌,宋,风俗,存佚不详,,,,《圣朝名画评》,卷一,《村僮入學圖》、《江村晚釣》、《郊居豐稔》...皆為精絕。
work_licheng_002,煙嵐曉景,李成,宋,山水,存佚不详,,,,《圣朝名画评》,卷二,《煙嵐曉景》、《風雨四時山水》、《松柏寒林》...皆佳重也。
work_licheng_003,風雨四時山水,李成,宋,山水,存佚不详,,,,《圣朝名画评》,卷二,《煙嵐曉景》、《風雨四時山水》、《松柏寒林》...皆佳重也。
work_licheng_004,松柏寒林,李成,宋,山水,存佚不详,,,,《圣朝名画评》,卷二,《煙嵐曉景》、《風雨四時山水》、《松柏寒林》...皆佳重也。
work_fankuan_002,溪山行旅圖,範寬,宋,山水,存佚不详,,,,《圣朝名画评》,卷二,《溪山行旅圖》、《雪景寒林圖》、《雪山蕭寺圖》...皆佳重也。
work_fankuan_003,雪景寒林圖,範寬,宋,山水,存佚不详,,,,《圣朝名画评》,卷二,《溪山行旅圖》、《雪景寒林圖》、《雪山蕭寺圖》...皆佳重也。
work_fankuan_004,雪山蕭寺圖,範寬,宋,山水,存佚不详,,,,《圣朝名画评》,卷二,《溪山行旅圖》、《雪景寒林圖》、《雪山蕭寺圖》...皆佳重也。
work_gaokeming_003,雪意圖,高克明,宋,山水,存佚不详,,,,《圣朝名画评》,卷二,《雪意圖》、《三朝訓鑒圖》...皆佳重也。
work_gaokeming_004,三朝訓鑒圖,高克明,宋,历史故事,存佚不详,,,,《圣朝名画评》,卷二,《雪意圖》、《三朝訓鑒圖》...皆佳重也。
work_wangduan_003,相國寺東壁,王端,宋,山水,存佚不详,壁画,,相國寺,《圣朝名画评》,卷二,相國寺淨土院北支條院有端所畫東壁。
work_xudaoning_002,寒林平遠,許道寧,宋,山水,存佚不详,,,,《圣朝名画评》,卷二,《寒林平遠》、《臨深履薄》、《早行詩意》...皆佳重也。
work_xudaoning_003,臨深履薄,許道寧,宋,山水,存佚不详,,,,《圣朝名画评》,卷二,《寒林平遠》、《臨深履薄》、《早行詩意》...皆佳重也。
work_xudaoning_004,早行詩意,許道寧,宋,山水,存佚不详,,,,《圣朝名画评》,卷二,《寒林平遠》、《臨深履薄》、《早行詩意》...皆佳重也。
work_xudaoning_005,潘閬倒騎驢,許道寧,宋,山水/人物,存佚不详,,,,《圣朝名画评》,卷二,《潘閬倒騎驢》...皆佳重也。
work_chenyongzhi_006,祥源觀東位壁,陳用志,宋,山水,已毁,壁画,,祥源觀,《圣朝名画评》,卷二,畫祥源觀東位壁...以慶曆中火，今無有矣。
work_chenyongzhi_007,出雲山水壁,陳用志,宋,山水,存佚不详,壁画,,文潞公宅,《圣朝名画评》,卷二,文潞公宅有用志出雲山水壁。
work_huanghuaiyu_002,秋山圖,黃懷玉,宋,山水,存佚不详,,,,《圣朝名画评》,卷二,《秋山圖》...皆佳重也。
work_huangquan_003,春山圖,黃筌,宋,山水,存佚不详,,,,《圣朝名画评》,卷二,《秋山圖》、《春山圖》...皆佳重也。
work_zhaogan_002,江行圖,趙幹,宋,山水,存佚不详,,,,《圣朝名画评》,卷二,《江行圖》...皆佳重也。
work_liyin_003,五岳圖,李隱,宋,山水,存佚不详,,,,《圣朝名画评》,卷二,畫《五岳》...
work_liyin_004,五聖帝座後扆山水,李隱,宋,山水,存佚不详,,,,《圣朝名画评》,卷二,五聖帝座後扆上皆寫山水。
work_caorenxi_001,水圖,曹仁希,宋,山水,存佚不详,,,,《圣朝名画评》,卷二,獨善畫水...皆佳重也。
work_zhaoguangfu_002,蕃馬圖,趙光輔,宋,畜兽,存佚不详,,,,《圣朝名画评》,卷三,嘗畫《蕃馬》，更有佳處。
work_zhaomiaozhuo_004,伏崖虎,趙邈卓,宋,畜兽,存佚不详,,,,《圣朝名画评》,卷三,《伏崖》、《當風舐掌》...皆佳重也。
work_zhaomiaozhuo_005,當風舐掌虎,趙邈卓,宋,畜兽,存佚不详,,,,《圣朝名画评》,卷三,《伏崖》、《當風舐掌》...皆佳重也。
work_peiwenxian_002,水牛,裴文睍,宋,畜兽,存佚不详,,,,《圣朝名画评》,卷三,善畫水牛...皆佳重也。
work_yanghui_001,魚,楊輝,宋,畜兽,存佚不详,,,,《圣朝名画评》,卷三,善畫魚...尤多涵泳之態。
work_yuanyi_001,魚,袁嶬,宋,畜兽,存佚不详,,,,《圣朝名画评》,卷三,俱善畫魚...亦工水草蘋蘩之畫。
work_longzhang_001,六虎,龍章,宋,畜兽,存佚不详,,,,《圣朝名画评》,卷三,平生所畫，止有六虎，今少有見者。
work_hezunshi_001,貓兒,何尊師,宋,畜兽,存佚不详,,,,《圣朝名画评》,卷三,善畫貓兒...有寢者、覺者、展膊者、戲聚者。
work_chenyongzhi_008,蕃馬,陳用志,宋,畜兽,存佚不详,,,,《圣朝名画评》,卷三,亦善畫蕃馬...而多出己意。
work_fengqing_001,概駝,馮清,宋,畜兽,存佚不详,,,,《圣朝名画评》,卷三,善畫橐駝...必引視不已。
work_fengqing_002,火,馮清,宋,道释,存佚不详,壁画,,景靈宮,《圣朝名画评》,卷三,亦能畫火，今景靈宮後壁有硤石道士趙惠宗坐炎火誦經者是也。
work_wangshiyuan_002,天廄馬,王士元,宋,畜兽,存佚不详,,,,《圣朝名画评》,卷三,善畫天廄馬...亦能為之。
work_gaoyi_001,相國寺東壁阿育王,高益,宋,畜兽,存佚不详,壁画,,相国寺,《圣朝名画评》,卷三,相國寺東壁阿育王所乘及戰士、鹿馬等，皆益之筆。
work_xunxin_001,吐霧龍,荀信,宋,畜兽,存佚不详,,,會靈觀/禁中,《圣朝名画评》,卷三,會靈觀凝祥池御座殿扆上寫吐霧龍...後移入禁中。
work_wuhuai_001,龍水,吳懷,宋,畜兽,存佚不详,,,,《圣朝名画评》,卷三,善畫龍水...有夭矯肉飛之勢。
work_dongyu_001,海水,董羽,南唐,山水,存佚不详,,,清涼寺,《圣朝名画评》,卷三,清涼寺畫海水...時人目為三絕。
work_dongyu_002,戲水龍,董羽,南唐,畜兽,存佚不详,壁画,,學士院,《圣朝名画评》,卷三,於學士院壁為戲水龍。
work_dongyu_003,弄珠龍,董羽,南唐,畜兽,存佚不详,壁画,,開寶寺,《圣朝名画评》,卷三,於開寶寺東經藏院壁為弄珠龍。
work_wangdaozhen_003,金魚,王道真,宋,畜兽,存佚不详,卷轴,,內庫,《圣朝名画评》,卷三,寫金魚一軸獻丁朱崖...籍入內庫。
work_zhangjun_001,番馬,張鈞,宋,畜兽,存佚不详,,,,《圣朝名画评》,卷三,善畫番馬及人物。
work_xincheng_001,虎,辛成,宋,畜兽,存佚不详,,,,《圣朝名画评》,卷三,攻畫虎，有精神氣骨。
work_fengjincheng_001,犬兔,馮進成,宋,畜兽,存佚不详,卷轴,,田宮傅第,《圣朝名画评》,卷三,今致政田宮傅第，有進成畫二軸。
work_xuxi_001,安榴樹,徐熙,南唐,花竹翎毛,存佚不详,,,內府,《圣朝名画评》,卷三,太宗因閱圖書，見熙畫安榴樹一本，帶百餘實。
work_tangxiya_001,竹樹,唐希雅,宋,花竹翎毛,存佚不详,,,,《圣朝名画评》,卷三,乘興縱奇，因其戰掣之勢，以寫竹樹。
work_huangquan_004,六鶴,黃筌,宋,花竹翎毛,存佚不详,,,孟昶殿,《圣朝名画评》,卷三,於孟昶殿畫六鶴...謂之語曰：黃筌畫鶴，薛稷減價。
work_huangquan_005,八卦殿壁畫,黃筌,宋,花竹翎毛,存佚不详,,,八卦殿,《圣朝名画评》,卷三,命筌與其子居寀於八卦殿畫四時山水及諸禽鳥花卉等。
work_huangquan_006,墨竹圖,黃筌,宋,花竹翎毛,存佚不详,,,苏易简家,《圣朝名画评》,卷三,參政蘇公(易簡)得筌所畫墨竹圖。
work_huangjucai_005,四時花雀圖,黃居寀,宋,花竹翎毛,存佚不详,,,,《圣朝名画评》,卷三,畫四時花雀圖數本，當時稱絕。
work_zhaochang_001,生菜爛瓜生果圖,趙昌,宋,花竹翎毛,存佚不详,,,丁朱崖家,《圣朝名画评》,卷三,命畫生菜數窠及爛瓜生果等。
work_taoyi_001,御座扆屏,陶裔,宋,花竹翎毛,存佚不详,,,宫廷,《圣朝名画评》,卷三,召入畫御座扆屏...兩歲方畢。
work_taoyi_002,大殿屏風,陶裔,宋,花竹翎毛,存佚不详,,,宫廷,《圣朝名画评》,卷三,又畫大殿十二幅屏，多作祝壽之意。
work_xuchongsi_001,連樹墜地棗,徐崇嗣,宋,花竹翎毛,存佚不详,,,,《圣朝名画评》,卷三,尤喜為連樹及墜地棗，備得形似。
work_meihangsi_001,鬥雞,梅行思,南唐,花竹翎毛,存佚不详,,,,《圣朝名画评》,卷三,功畫鬥雞，至於爪起項引。
work_jiechuzhong_001,雪竹,解處中,宋,花竹翎毛,存佚不详,,,,《圣朝名画评》,卷三,善畫雪竹，有冒寒之意。
work_wuxianzhi_001,紫朝雞,毋咸之,宋,花竹翎毛,存佚不详,卷轴,,冯待制家,《圣朝名画评》,卷三,今江寧尹馮待制家有咸之紫朝雞一軸。
work_fuwenyong_001,鶉鵲,傅文用,宋,花竹翎毛,存佚不详,,,,《圣朝名画评》,卷三,其為鶉鵲，能分四時毛羽。
work_tangsu_001,翎毛花竹,唐宿,宋,花竹翎毛,存佚不详,,,京師貴人家,《圣朝名画评》,卷三,京師貴人家多有之。
work_tangzhongzuo_001,翎毛花竹,唐忠祚,宋,花竹翎毛,存佚不详,,,京師貴人家,《圣朝名画评》,卷三,京師貴人家多有之。
work_wangyou_001,花,王友,宋,花竹翎毛,存佚不详,,,豪貴家,《圣朝名画评》,卷三,畫花不由筆墨，專尚設色...今豪貴家得友之筆。
work_niujian_001,寒雞野鴨,牛戩,宋,花竹翎毛,已毁,,,,《圣朝名画评》,卷三,所長者披毛之禽，而與寒雞野鴨...必購而毀去之。
work_yanshian_001,墨竹,閻士安,宋,花竹翎毛,存佚不详,,,王冀公家,《圣朝名画评》,卷三,獻墨竹一圖，甚見稱賞。
work_liumengsong_001,花竹圖,劉夢松,宋,花竹翎毛,存佚不详,,,普安院,《圣朝名画评》,卷三,今普安院長老有夢松花竹圖。
work_lixiong_001,三鬼,李雄,宋,鬼神,存佚不详,壁画,,龍興寺,《圣朝名画评》,卷三,畫本郡龍興寺壁，為三鬼。
work_lixiong_002,舞鍾馗圖,李雄,宋,鬼神,存佚不详,,,高商高家,《圣朝名画评》,卷三,富商高生家亦有雄畫舞鍾馗圖。
work_liyongji_001,相國寺壁,李用及,宋,鬼神,存佚不详,壁画,,相国寺,《圣朝名画评》,卷三,曾同畫相國寺壁，至今稱之。
work_wangshiyuan_003,綠珠墜樓圖,王士元,宋,历史故事,存佚不详,卷轴,,,《圣朝名画评》,卷三,畫古時宮殿及綠珠墜樓圖二軸。
work_cairun_001,舟車圖,蔡潤,宋,屋木,存佚不详,,,宫廷,《圣朝名画评》,卷三,太宗嘗覽潤舟車圖...遽詔入圖畫院。
work_cairun_002,楚襄王遊江圖,蔡潤,宋,历史故事,存佚不详,,,宫廷,《圣朝名画评》,卷三,敕畫楚襄王遊江圖，尤為精備。
work_luzhuo_001,鬱羅蕭臺樣,呂拙,宋,屋木,存佚不详,,,宫廷,《圣朝名画评》,卷三,拙畫鬱羅蕭臺樣上進。
work_liuwentong_001,七賢閣,劉文通,宋,屋木,存佚不详,,,玉清昭應宮,《圣朝名画评》,卷三,謂之七賢閣者是也，天下目為壯觀。
work_wangdaozhen_004,惠子五車書圖,王道真,宋,历史故事,存佚不详,,,,《圣朝名画评》,卷三,嘗為惠子五車書圖及挽糧濟水圖。
work_wangdaozhen_005,挽糧濟水圖,王道真,宋,风俗,存佚不详,,,,《圣朝名画评》,卷三,嘗為惠子五車書圖及挽糧濟水圖。
work_weixian_001,盤車水磨圖,衛賢,宋,风俗,存佚不详,,,高氏家,《圣朝名画评》,五代名畫補遺,予嘗於負商高氏家觀賢畫盤車水磨圖。
work_weixian_002,春江釣叟圖,衛賢,宋,山水,存佚不详,,,张文懿家,《圣朝名画评》,五代名畫補遺,及故大丞相文懿張公第有《春江釣叟圖》。
work_hanqiu_001,龍興寺回廊列壁,韓求;李祝,五代,道释,存佚不详,壁画,二百余堵,陕郊龙兴寺,《圣朝名画评》,五代名畫補遺,乃命往陝郊畫龍興寺回廊列壁二百餘堵
work_hanqiu_002,攝摩騰、竺法蘭以經來,韓求;李祝,五代,道释,存佚不详,壁画,八尺,陕郊龙兴寺,《圣朝名画评》,五代名畫補遺,求、祝乃對手畫攝摩騰、竺法蘭以經來，大各八尺
work_hanqiu_003,三門上神,韓求;李祝,五代,道释,存佚不详,壁画,三丈,陕郊龙兴寺,《圣朝名画评》,五代名畫補遺,洎三門上神數十身，皆高二丈
work_hanqiu_004,九子母及羅義變像,韓求;李祝,五代,道释,存佚不详,壁画,,陕郊龙兴寺,《圣朝名画评》,五代名畫補遺,又畫九子母及羅義變像
work_zhangtu_001,折腰報事師者,張圖,五代,道释,存佚不详,壁画,,洛阳广爱寺,《圣朝名画评》,五代名畫補遺,倏忽成折腰報事師者，從以三鬼
work_zhangtu_002,水神,張圖,五代,道释,存佚不详,壁画,,洛阳广爱寺,《圣朝名画评》,五代名畫補遺,圖乃於東壁畫水神一座
work_zhangtu_003,十王地藏,張圖,五代,道释,存佚不详,卷轴,,武宗元家,《圣朝名画评》,五代名畫補遺,予又嘗於武宗元第觀圖所畫十王地藏一軸
work_zhuyao_001,經相及周廡中門列壁,朱瑤,五代,道释,已毁,壁画,,金真观,《圣朝名画评》,五代名畫補遺,時河南府金真觀請瑤畫經相及周廡中門列壁...後以歷年浸遠，頹阤傾圮
work_zhuyao_002,三清殿東一壁,朱瑤,五代,道释,存佚不详,壁画,,金真观,《圣朝名画评》,五代名畫補遺,今所存者唯三清殿東一壁
work_zhuyao_003,輪子金剛菩薩,朱瑤,五代,道释,存佚不详,壁画,六七尺,长寿院,《圣朝名画评》,五代名畫補遺,及長壽院內輪子金剛菩薩等，各高六七尺
work_bayi_001,護法善神,跋異,五代,道释,存佚不详,壁画,,福先寺,《圣朝名画评》,五代名畫補遺,後福先寺請異畫大殿護法善神...屹成一神
work_caozhongyuan_001,寶志公石壁,曹仲元,五代,道释,存佚不详,壁画,,未详,《圣朝名画评》,五代名畫補遺,後璟嘗命仲元畫寶志公石壁
work_taoshouli_001,山路早行,陶守立,五代,山水,存佚不详,壁画,,草堂,《圣朝名画评》,五代名畫補遺,亦嘗適興於所居草堂，畫《山路早行》
work_taoshouli_002,水,陶守立,五代,山水,存佚不详,壁画,,建康清凉寺,《圣朝名画评》,五代名畫補遺,及建康清涼寺浴室門側畫水
work_taoshouli_003,羅漢一堂,陶守立,五代,道释,存佚不详,卷轴,,南唐内府(李煜),《圣朝名画评》,五代名畫補遺,守立嘗畫羅漢一堂...獻於僞後主煜
work_wangrenshou_001,八菩薩,王仁壽,五代,道释,存佚不详,壁画,,大相国寺净土院,《圣朝名画评》,五代名畫補遺,仁壽嘗於京師大相國寺净土院大殿前畫八菩薩
work_zhumengsong_001,春景士女,竹夢松,五代,人物,存佚不详,卷轴,,王公第,《圣朝名画评》,五代名畫補遺,予嘗於判太原府侍郎王公第見夢松畫《春景士女》一軸
work_jinghao_001,山水圖(贈大愚),荊浩,五代,山水,存佚不详,卷轴,,大愚,《圣朝名画评》,五代名畫補遺,後浩亦畫山水圖以貽大愚
work_jinghao_002,寶陁落伽山觀自在菩薩,荊浩,五代,道释,存佚不详,壁画,,双林院,《圣朝名画评》,五代名畫補遺,亦嘗於京師雙林院畫寶陁落伽山觀自在菩薩一壁
work_jinghao_003,山水,荊浩,五代,山水,存佚不详,卷轴,,李公第,《圣朝名画评》,五代名畫補遺,予嘗於供奉李公第觀浩山水一軸
work_zanhua_001,畫馬,東丹王贊華,五代,畜兽,存佚不详,卷轴,,趙公第,《圣朝名画评》,五代名畫補遺,予於贊善大夫趙公第見贊華畫馬
work_zhongyin_001,鷂鳥,鍾隱,五代,花鸟,存佚不详,卷轴,,齐安张校尉,《圣朝名画评》,五代名畫補遺,齊安張校尉得隱畫鷂鳥二軸
work_zhongyin_002,畫花竹禽鳥,鍾隱,五代,花鸟,存佚不详,卷轴,,南唐内府(李煜),《圣朝名画评》,五代名畫補遺,其畫在江南者，悉為南唐李煜所有
work_guoquanhui_001,鶴子,郭權輝,五代,花鸟,存佚不详,卷轴,,武宗元/高氏,《圣朝名画评》,五代名畫補遺,見權輝畫架上鶴子二軸
work_shilin_001,竹圖十幅,施璘,五代,花鸟,存佚不详,卷轴,,未详,《圣朝名画评》,五代名畫補遺,予嘗觀璘畫十幅竹圖
work_dingqian_001,倒崖及病竹,丁謙,五代,花鸟,存佚不详,卷轴,,未详,《圣朝名画评》,五代名畫補遺,予嘗覽謙畫倒崖及病竹
work_yanghuizhi_001,玉皇尊像,楊惠之,唐/五代,道释,存佚不详,塑像,,太华观,《圣朝名画评》,五代名畫補遺,惠之嘗於京兆府長樂鄉北太華觀塑玉皇尊像
work_yanghuizhi_002,佛像,楊惠之,唐/五代,道释,存佚不详,塑像,,安业寺(大相国寺),《圣朝名画评》,五代名畫補遺,及汴州市安業寺净土院大殿內佛像
work_yanghuizhi_003,三門二神及維摩居士像,楊惠之,唐/五代,道释,存佚不详,塑像,,枝条千佛东经藏院,《圣朝名画评》,五代名畫補遺,及枝條千佛東經藏院殿後三門二神、當殿維摩居士像
work_yanghuizhi_004,五百羅漢,楊惠之,唐/五代,道释,存佚不详,塑像,,广爱寺,《圣朝名画评》,五代名畫補遺,又於河南府廣愛寺三門上五百羅漢
work_yanghuizhi_005,楞伽山,楊惠之,唐/五代,山水(塑),存佚不详,塑像,,山亭院,《圣朝名画评》,五代名畫補遺,及山亭院楞伽山
work_yanghuizhi_006,留盃亭倡優人,楊惠之,唐/五代,人物,存佚不详,塑像,,京兆府,《圣朝名画评》,五代名畫補遺,惠之嘗於京兆府塑倡優人留盃亭
work_liujiulang_001,三清大帝尊像,劉九郎,五代,道释,存佚不详,塑像,,南宫大殿,《圣朝名画评》,五代名畫補遺,嘗於河南府南宮大殿塑三清大帝尊像
work_liujiulang_002,青龍白虎洎守殿等神,劉九郎,五代,道释,存佚不详,塑像,,南宫大殿,《圣朝名画评》,五代名畫補遺,及門外青龍白虎洎守殿等神
work_liujiulang_003,九子母,劉九郎,五代,道释,存佚不详,塑像,,广爱寺法华院,《圣朝名画评》,五代名畫補遺,時廣愛寺東法華院主惠月聞九郎名，迺請塑九子母
work_liujiulang_004,卧孩兒,劉九郎,五代,人物,存佚不详,塑像,,长寿寺,《圣朝名画评》,五代名畫補遺,又於長壽寺大殿中塑卧孩兒一
work_wangwen_001,金像彩畫(彌勒瑞像),王溫,五代,道释,存佚不详,彩绘,,大相国寺,《圣朝名画评》,五代名畫補遺,大殿彌勒瑞像...其金像彩畫，則溫所裝者也
work_yanshi_001,瑞蓮山龕門,嚴氏,五代,道释,存佚不详,木雕,,未详,《圣朝名画评》,五代名畫補遺,夫人乃刻作瑞蓮山龕門
work_yanshi_002,五百羅漢衆像,嚴氏,五代,道释,存佚不详,木雕,,未详,《圣朝名画评》,五代名畫補遺,刻成五百羅漢衆像
work_luhuang_001,村野人物,陸晃,五代,人物,存佚不详,卷轴,,,《圣朝名画评》,五代名畫補遺,多畫村野人物...凡酒興情逸，遇筆揮灑...或依山林，或處平陸
work_hugui_001,蕃馬及穹廬部族圖,胡瓌,五代,畜兽,存佚不详,卷轴,,,《圣朝名画评》,五代名畫補遺,善畫蕃馬，骨格體狀，富於精神。其於穹廬部族，帳幔旗旆，弧矢鞍韉...
work_heyu_001,宮室池閣,何遇,五代,屋木,存佚不详,卷轴,,,《圣朝名画评》,五代名畫補遺,善畫宮室池閣，竊慕衛賢筆法...尤善山水樹石
work_liluohan_001,羅漢,李羅漢,五代,道释,存佚不详,壁画,,福先寺,《圣朝名画评》,五代名畫補遺,吾姓李，滑臺人...故鄉裏呼吾為李羅漢...當與汝對畫...遂固讓西壁與之
work_huyi_001,山中人物 (為關仝添畫),胡翼,五代,人物,存佚不详,卷轴,,,《圣朝名画评》,五代名畫補遺,其山中人物，惟求安定胡氏添畫耳(或曰胡翼)
work_yanwengui_001,舶船渡海圖,燕文貴,宋,舟车,存佚不详,卷轴,,富商豪家,《圣朝名画评》,卷三,富商豪家有文貴舶船渡海圖，大為珍妙
work_cairun_001,舟車圖,蔡潤,宋,舟车,存佚不详,卷轴,,内府,《圣朝名画评》,卷三,太宗嘗覽潤舟車圖，因問畫者名氏...遽詔入圖畫院
work_cairun_002,楚襄王遊江圖,蔡潤,宋,历史故事,存佚不详,卷轴,,内府,《圣朝名画评》,卷三,敕畫楚襄王遊江圖，尤為精備
work_luzhuo_001,鬱羅蕭臺樣,呂拙,宋,屋木,存佚不详,粉本/设计图,,玉清宫,《圣朝名画评》,卷三,拙畫鬱羅蕭臺樣上進。上覽圖嘉歎...下匠氏營臺於宮
work_luzhuo_002,樓觀圖,呂拙,宋,屋木,存佚不详,卷轴,,蘇守素家,《圣朝名画评》,卷三,今樂遊坊蘇守素有拙畫，其精巧密細，觀者無倦
work_liuwentong_001,七賢閣,劉文通,宋,屋木,存佚不详,壁画/建筑设计,,玉清昭應宮,《圣朝名画评》,卷三,仍加飛閣於上...謂之七賢閣者是也
work_wangdaozhen_001,惠子五車書圖,王道真,宋,历史故事,存佚不详,卷轴,,,《圣朝名画评》,卷三,嘗為惠子五車書圖及挽糧濟水圖，皆為精備
work_wangdaozhen_002,挽糧濟水圖,王道真,宋,风俗,存佚不详,卷轴,,,《圣朝名画评》,卷三,及挽糧濟水圖，皆為精備
work_xuchongxun_001,連樹,徐崇勳,宋,花鸟,存佚不详,卷轴,,,《圣朝名画评》,卷三,"徐崇嗣、 崇勳者... 尤喜為連樹及墜地棗, 備得形似"
work_xuchongxun_002,墜地棗,徐崇勳,宋,花鸟,存佚不详,卷轴,,,《圣朝名画评》,卷三,"徐崇嗣、 崇勳者... 尤喜為連樹及墜地棗, 備得形似"
work_xuchongxun_003,草蟲,徐崇勳,宋,花鸟,存佚不详,卷轴,,,《圣朝名画评》,卷三,善畫草蟲、 時果、 花木、 蠶繭之類
work_xuchongxun_004,時果,徐崇勳,宋,花鸟,存佚不详,卷轴,,,《圣朝名画评》,卷三,善畫草蟲、 時果、 花木、 蠶繭之類
work_xuchongxun_005,花木,徐崇勳,宋,花鸟,存佚不详,卷轴,,,《圣朝名画评》,卷三,善畫草蟲、 時果、 花木、 蠶繭之類
work_xuchongxun_006,蠶繭,徐崇勳,宋,花鸟,存佚不详,卷轴,,,《圣朝名画评》,卷三,善畫草蟲、 時果、 花木、 蠶繭之類
work_wangxiao_001,翎毛,王曉,宋,花鸟,存佚不详,卷轴,,,《圣朝名画评》,卷三,"王曉, 泗水人。 善畫翎毛, 酷好郭乾暉鴿子, 卒至於妙"
work_xiahouyanyou_001,翎毛花竹,夏侯延祐,宋,花鸟,存佚不详,卷轴,,,《圣朝名画评》,卷三,"夏侯延祐... 師黃筌, 畫翎毛花竹, 略有聲譽"
work_liuwenhui_001,翎毛,劉文惠,宋,花鸟,存佚不详,卷轴,,,《圣朝名画评》,卷三,劉文惠... 善畫翎毛、 花竹
work_liuwenhui_002,花竹,劉文惠,宋,花鸟,存佚不详,卷轴,,,《圣朝名画评》,卷三,劉文惠... 善畫翎毛、 花竹
work_guozhongshu_001,屋木樓觀,郭忠恕,宋,建筑,存佚不详,卷轴,,,《圣朝名画评》,卷三,"郭忠恕尤能丹青, 為屋木樓觀, 一時之絕也"
work_wangai_001,宋齊丘像,王靄,宋,人物,存佚不详,卷轴,,,《圣朝名画评》,卷一,王靄，宋齊丘像。
work_wangai_002,韓熙載像,王靄,宋,人物,存佚不详,卷轴,,,《圣朝名画评》,卷一,王靄，韓熙載像。
work_wangai_003,林仁肇像,王靄,宋,人物,存佚不详,卷轴,,,《圣朝名画评》,卷一,王靄，林仁肇像。
work_wangai_004,宣祖御容,王靄,宋,人物,存佚不详,卷轴,,,《圣朝名画评》,卷一,王靄，宣祖御容。
work_wangai_005,太后御容,王靄,宋,人物,存佚不详,卷轴,,,《圣朝名画评》,卷一,王靄，太后御容。
work_wangai_006,梁祖真像,王靄,宋,人物,存佚不详,卷轴,,,《圣朝名画评》,卷一,王靄，梁祖真像。
work_wangai_007,水月觀音,王靄,宋,神仙,存佚不详,卷轴,,,《圣朝名画评》,卷一,王靄，水月觀音。
work_wangai_008,彌勒下生像,王靄,宋,神仙,存佚不详,卷轴,,,《圣朝名画评》,卷一,王靄，彌勒下生像。
work_wangai_009,文殊閣下東西兩壁,王靄,宋,神仙,存佚不详,卷轴,,,《圣朝名画评》,卷一,王靄，文殊閣下東西兩壁。
work_wangai_010,南方毗樓勒義天王,王靄,宋,神仙,存佚不详,卷轴,,,《圣朝名画评》,卷一,王靄，南方毗樓勒義天王。
work_wangai_011,金槍道菩薩,王靄,宋,神仙,存佚不详,卷轴,,,《圣朝名画评》,卷一,王靄，金槍道菩薩。
work_sunmengqing_001,文殊閣下西壁,孫夢卿,宋,神仙,存佚不详,卷轴,,,《圣朝名画评》,卷一,孫夢卿，文殊閣下西壁。
work_sunmengqing_002,西方毗樓勒叉天王,孫夢卿,宋,神仙,存佚不详,卷轴,,,《圣朝名画评》,卷一,孫夢卿，西方毗樓勒叉天王。
work_sunmengqing_003,金槍道菩薩,孫夢卿,宋,神仙,存佚不详,卷轴,,,《圣朝名画评》,卷一,孫夢卿，金槍道菩薩。
work_wuzongyuan_001,北邙山老子廟壁,武宗元,宋,神仙,存佚不详,卷轴,,,《圣朝名画评》,卷一,武宗元，北邙山老子廟壁。
work_wuzongyuan_002,玉清昭應宮壁,武宗元,宋,神仙,存佚不详,卷轴,,,《圣朝名画评》,卷一,武宗元，玉清昭應宮壁。
work_wuzongyuan_003,中嶽天封觀壁,武宗元,宋,神仙,存佚不详,卷轴,,,《圣朝名画评》,卷一,武宗元，中嶽天封觀壁。
work_wuzongyuan_004,南宮三聖東壁畫十太一,武宗元,宋,神仙,存佚不详,卷轴,,,《圣朝名画评》,卷一,武宗元，南宮三聖東壁畫十太一。
work_wuzongyuan_005,河陽廣福院回廊壁,武宗元,宋,神仙,存佚不详,卷轴,,,《圣朝名画评》,卷一,武宗元，河陽廣福院回廊壁。
work_wuzongyuan_006,水月觀音,武宗元,宋,神仙,存佚不详,卷轴,,,《圣朝名画评》,卷一,武宗元，水月觀音。
work_wuzongyuan_007,消災菩薩,武宗元,宋,神仙,存佚不详,卷轴,,,《圣朝名画评》,卷一,武宗元，消災菩薩。
work_wuzongyuan_008,朝元仙仗圖,武宗元,宋,神仙,存佚不详,卷轴,,,《圣朝名画评》,卷一,武宗元，朝元仙仗圖。
work_wuzongyuan_009,三十六天帝,武宗元,宋,神仙,存佚不详,卷轴,,,《圣朝名画评》,卷一,武宗元，三十六天帝。
work_lizhaoqing_002,觀音像,厲昭慶,宋,神仙,存佚不详,卷轴,,,《圣朝名画评》,卷一,厲昭慶，觀音像。
work_sunhuaishuo_002,亂石圖,孫懷說,宋,山水,存佚不详,卷轴,,,《圣朝名画评》,卷一,孫懷說，亂石圖。
work_yinzhi_003,燕恭肅王真,尹質,宋,人物,存佚不详,卷轴,,,《圣朝名画评》,卷一,尹質，燕恭肅王真。
work_yinzhi_004,宣獻宋公像,尹質,宋,人物,存佚不详,卷轴,,,《圣朝名画评》,卷一,尹質，宣獻宋公像。
work_yinzhi_005,藥王像,尹質,宋,神仙,存佚不详,卷轴,,,《圣朝名画评》,卷一,尹質，藥王像。
work_yinzhi_006,孫思邈像,尹質,宋,人物,存佚不详,卷轴,,,《圣朝名画评》,卷一,尹質，孫思邈像。
work_shangxun_001,山水,商訓,宋,山水,存佚不详,卷轴,,,《圣朝名画评》,卷二,商訓，山水。
work_guantong_001,關山行旅圖,關仝,五代,山水,存佚不详,卷轴,,,《圣朝名画评》,五代名畫補遺,關仝，關山行旅圖。
work_guantong_002,山溪待渡圖,關仝,五代,山水,存佚不详,卷轴,,,《圣朝名画评》,五代名畫補遺,關仝，山溪待渡圖。
work_guantong_003,秋山晚翠圖,關仝,五代,山水,存佚不详,卷轴,,,《圣朝名画评》,五代名畫補遺,關仝，秋山晚翠圖。
work_guantong_004,山水,關仝,五代,山水,存佚不详,卷轴,,,《圣朝名画评》,五代名畫補遺,關仝，山水。
work_yanwengui_001,舶船渡海圖,燕文貴,宋,舟车,存佚不详,卷轴,,富商豪家,《圣朝名画评》,卷三,富商豪家有文貴舶船渡海圖，大為珍妙
work_cairun_001,舟車圖,蔡潤,宋,舟车,存佚不详,卷轴,,内府,《圣朝名画评》,卷三,太宗嘗覽潤舟車圖，因問畫者名氏...遽詔入圖畫院
work_cairun_002,楚襄王遊江圖,蔡潤,宋,历史故事,存佚不详,卷轴,,内府,《圣朝名画评》,卷三,敕畫楚襄王遊江圖，尤為精備
work_luzhuo_001,鬱羅蕭臺樣,呂拙,宋,屋木,存佚不详,粉本/设计图,,玉清宫,《圣朝名画评》,卷三,拙畫鬱羅蕭臺樣上進。上覽圖嘉歎...下匠氏營臺於宮
work_luzhuo_002,樓觀圖,呂拙,宋,屋木,存佚不详,卷轴,,蘇守素家,《圣朝名画评》,卷三,今樂遊坊蘇守素有拙畫，其精巧密細，觀者無倦
work_liuwentong_001,七賢閣,劉文通,宋,屋木,存佚不详,壁画/建筑设计,,玉清昭應宮,《圣朝名画评》,卷三,仍加飛閣於上...謂之七賢閣者是也
work_wangdaozhen_001,惠子五車書圖,王道真,宋,历史故事,存佚不详,卷轴,,,《圣朝名画评》,卷三,嘗為惠子五車書圖及挽糧濟水圖，皆為精備
work_wangdaozhen_002,挽糧濟水圖,王道真,宋,风俗,存佚不详,卷轴,,,《圣朝名画评》,卷三,及挽糧濟水圖，皆為精備
